id;fixed acidity;volatile acidity;citric acid;alcohol
23d32bc4781a42f4a77b3abbad616b4a;7.4;0.7;0.0;9.4
2a2abc31668f49669ee278cd1c574bea;7.8;0.88;0.0;9.8
285dc1a9b91e42a98204cdb2f46b4ef8;7.8;0.76;0.04;9.8
f88b0774fc044a52afbac825dcf5a427;11.2;0.28;0.56;9.8
22252ed88eb5467db3322839378eb97c;7.4;0.7;0.0;9.4
0124166a34d94d329b38cdfdccb69a69;7.4;0.66;0.0;9.4
b35ca230333e4f60ba79d6d41d6fc206;7.9;0.6;0.06;9.4
0451d3e1172b40f19ded8a0709c8fa10;7.3;0.65;0.0;10.0
752787e581f64be980ae55488c6b8f44;7.8;0.58;0.02;9.5
794ae089506747acb8e1b35a154b2f15;7.5;0.5;0.36;10.5
ebac717f19b44ec5a2156fbdacd63ac9;6.7;0.58;0.08;9.2
a732b8bddd8842ef958b961ff56a3f57;7.5;0.5;0.36;10.5
5066b68f63dd4a4da053224f47a0c2e6;5.6;0.615;0.0;9.9
62abc9bc039b4e19aa14df6a31ba9321;7.8;0.61;0.29;9.1
180acef46e234fe1b1b267c8ad00419c;8.9;0.62;0.18;9.2
2052c6c142eb471886966aca4d4e0ce4;8.9;0.62;0.19;9.2
1cef53c75d1e488faf2a11f25180688a;8.5;0.28;0.56;10.5
a975d6dd567342138c0abbf61eb73e07;8.1;0.56;0.28;9.3
03511f6e3f5b43dca96e7223b1cf17ca;7.4;0.59;0.08;9.0
c2842f85cc294ec196c920a5243a0d79;7.9;0.32;0.51;9.2
8589f4be05834ff7930c6b3b14f13c25;8.9;0.22;0.48;9.4
6480ad09083642d2937c9aa87ec04c66;7.6;0.39;0.31;9.7
68401966f5bd4f849ca059e1b953e33f;7.9;0.43;0.21;9.5
f65fe5412d7c4c799c0e3a04ce0b65d8;8.5;0.49;0.11;9.4
7cd409a001784b42990abb6f7eaaf4ce;6.9;0.4;0.14;9.7
d12ca46ce83c4e6c9bbeb0d0ba37dac7;6.3;0.39;0.16;9.3
958c9756bee74116862e7003979c8e00;7.6;0.41;0.24;9.5
a7a920fd1ba040a982f9c3ebe8ed078f;7.9;0.43;0.21;9.5
164f3d41cd6440ffb17c1df53f2b0f5d;7.1;0.71;0.0;9.4
4d05c78470da41aa9a98a217b863bd8d;7.8;0.645;0.0;9.8
4bfbad3f337f4df1865b88bcb1eccf13;6.7;0.675;0.07;10.1
36d7e332abc542098fb5a8d455f61c34;6.9;0.685;0.0;10.6
059e2371bfca4b0c83b35baa18132a60;8.3;0.655;0.12;9.8
43219ce7735c45e89440ffeeca18e88f;6.9;0.605;0.12;9.4
c587a96625d14021b6531edce61b645c;5.2;0.32;0.25;9.2
a08b8d9a6bcc4411aac4a8b5c4c29bd3;7.8;0.645;0.0;9.6
f1414fa19cc940ccb2e0376f21dda0e8;7.8;0.6;0.14;10.8
63b12ec5e36e442596f83b0e1179833a;8.1;0.38;0.28;9.7
bcb06855e37c4385bde374b4f1b4fe2c;5.7;1.13;0.09;9.8
ccab8a29425e4b46b0828fca75f12115;7.3;0.45;0.36;10.5
5ea3a26cede946c08dc12301ca072a68;7.3;0.45;0.36;10.5
7ac06142b11940d58400d23d4640287f;8.8;0.61;0.3;9.3
e3917e39000b4f10aeaa53abd54dcc04;7.5;0.49;0.2;10.5
ff815e252ab44cc1974402fda7aaf256;8.1;0.66;0.22;10.3
f7830f4e88994b1eab46e2e843bbe524;6.8;0.67;0.02;9.5
f551c405eb9145d49dbd887ca9c18cc6;4.6;0.52;0.15;13.1
04e104967b8249fe953803299e4e3430;7.7;0.935;0.43;9.2
47037fef7aaa490f8ed266e6bd956d5a;8.7;0.29;0.52;9.5
497c8079b45b45abb15f9eebdba9c0e0;6.4;0.4;0.23;9.2
c267c42ab0f34e8fa14914088ea28958;5.6;0.31;0.37;9.2
d3ce9eaa2c0b4a2696f81f8ad847d494;8.8;0.66;0.26;9.2
2062f3901f4140f48cecec9893568132;6.6;0.52;0.04;9.4
3e47295e45514292bb3e9452a9f8bf69;6.6;0.5;0.04;9.4
319dc633db124838b1990af128e58c8c;8.6;0.38;0.36;9.4
54f50fc4a7f64eb9aafcf80645601f3f;7.6;0.51;0.15;10.2
d6b9af257bf34805877cd0e55191a737;7.7;0.62;0.04;9.5
0e38bc8c9fb6441c9069f479dcaf93ec;10.2;0.42;0.57;9.6
8dddbcd5ba2c4a6d8000f27ef3c787f5;7.5;0.63;0.12;9.4
8d09bfd609dc40969a7bcb38e3eeafd7;7.8;0.59;0.18;10.0
34ce221484514c2081afee0022a7e283;7.3;0.39;0.31;9.4
fe26fe982b7746148a59dda3f6fdb09a;8.8;0.4;0.4;9.2
c6a6340923264df8a835ab92627502cd;7.7;0.69;0.49;9.3
3ceeddbfd40942428fb64c3a4f3e392f;7.5;0.52;0.16;9.5
c93495d05cd8481a96b353798ff61a1b;7.0;0.735;0.05;9.8
bfe2d3cb5fdb41b39df556fdb330b010;7.2;0.725;0.05;10.9
bcf25cf96e01409a952cdcebe81b5518;7.2;0.725;0.05;10.9
a78a3676f67740169acf2e4293c1ade1;7.5;0.52;0.11;9.6
755ff0967e9a40cca965f6e27ec3dd90;6.6;0.705;0.07;10.7
7bde265dcafe4f79b994d40c3b0eae07;9.3;0.32;0.57;10.7
efe3c9ec7ba74bfeb17e499415d162a5;8.0;0.705;0.05;10.5
1c918e7b683841d38db469bdac788211;7.7;0.63;0.08;9.5
f26ee78dd0a3492ca53e9dcfc6619aac;7.7;0.67;0.23;9.5
19d055b2c476462b930be10e9060ea8c;7.7;0.69;0.22;9.5
f4f2031088e24119a165c3f0fac7baf2;8.3;0.675;0.26;9.2
70f51c62d1c1476095287b9e780949c0;9.7;0.32;0.54;9.6
db333d0fe26540c68847b7d9533f25f4;8.8;0.41;0.64;10.5
3f62bfa84ce744d298310e28597fdff1;8.8;0.41;0.64;10.5
5f7465362e244142abc409b80cf87884;6.8;0.785;0.0;10.7
c077ea681af2407a85e9a2b56532ffc8;6.7;0.75;0.12;10.1
06ef8473e574441389b56a9106f78b9e;8.3;0.625;0.2;9.1
b88fdc4237544355a36f2028d5985306;6.2;0.45;0.2;9.2
347f2f3c41dc4252b24fb6bcd0e6098b;7.8;0.43;0.7;9.4
13da73e995634cb691d0bf14c1d77cd6;7.4;0.5;0.47;9.1
2686f6378b834bd5b0a8bba055fdd4a1;7.3;0.67;0.26;9.4
9306975766604318965df82ee47dd1b8;6.3;0.3;0.48;10.3
af9f68aa099f43249d0da68f33c961f0;6.9;0.55;0.15;10.1
464428e8f34445fe8c74c57b4fafdb99;8.6;0.49;0.28;9.9
293fad7f85d242cb868008633b58849e;7.7;0.49;0.26;9.6
1bdee4f370fc4214a1ab2f587ea49e01;9.3;0.39;0.44;9.5
01da399fbb794491808feca82c0b8f15;7.0;0.62;0.08;9.0
5883cc11b98d42e8877bd47ec76fd83e;7.9;0.52;0.26;9.5
6d7c02a4896e4863b701dd31e3b308ca;8.6;0.49;0.28;9.9
54ab2525fdfc48dc895c0cc3c42e8994;8.6;0.49;0.29;9.8
c7abbee6cbd64735b00b70842bcbcf0e;7.7;0.49;0.26;9.6
c4c09cbec56949e7a1640b6dd69929bb;5.0;1.02;0.04;10.5
c47d41f632a140fba9e84e27a5f50ab6;4.7;0.6;0.17;12.9
18d222220bc84bbebb319f62eeb230b1;6.8;0.775;0.0;10.7
2a65876aeebb4063a888581a4cf170c3;7.0;0.5;0.25;9.2
f25e5ee0cf514cea851a77a011d6c8fe;7.6;0.9;0.06;9.8
6d83fe752e0c449d8844b0f8e03ae62d;8.1;0.545;0.18;9.0
577ce01d8dee4680a30c6fc2091296ef;8.3;0.61;0.3;10.2
23836b79bbf7487190daeac4b879b6d5;7.8;0.5;0.3;10.4
ec029b6b75eb482e83ab10f579570a61;8.1;0.545;0.18;9.0
899f2f32e3224359999297bf331c8d05;8.1;0.575;0.22;9.2
e904b6f068f5475bad91da61709a56b2;7.2;0.49;0.24;9.4
66276d5bdbc44382a79d44bbe3b9bbef;8.1;0.575;0.22;9.2
51334851e9e340e590d910894c622556;7.8;0.41;0.68;9.3
64b038406c2248e8a5c3f860af304cc2;6.2;0.63;0.31;9.3
47cd240e71df4938adeaf6f23ffddd5a;8.0;0.33;0.53;9.6
e79b61ab1c1140b7b35cf55af08d1e93;8.1;0.785;0.52;9.3
97a38925067041a4adbb4a6247e25b15;7.8;0.56;0.19;9.5
db7e3f534b3b479cbcc30121bf588d1c;8.4;0.62;0.09;9.8
3b9327f24cf14ecf8673db5d2dacf788;8.4;0.6;0.1;9.8
13300e7d600841cf9c69a7e45729581e;10.1;0.31;0.44;9.7
18f19211f6d34274a64efa5dd18cb0b7;7.8;0.56;0.19;9.5
c1530e13c2e04dada5dff79cd18eed5c;9.4;0.4;0.31;10.5
820b87d37ca64e1eb6b020cfaaaf60d4;8.3;0.54;0.28;10.0
16d554e72ff84f68af5de778d77c795a;7.8;0.56;0.12;9.4
db3c787f2001492c8f37eb289c7e4fef;8.8;0.55;0.04;10.9
742953377bd245c0ba9aa7d1b56be55c;7.0;0.69;0.08;9.2
f93d158a28fb4e45ad04fdbc795aabab;7.3;1.07;0.09;9.0
128e407dc1884f95ac2b5fb30c451c9a;8.8;0.55;0.04;10.9
edffec2c3975478581f4431a84c459cf;7.3;0.695;0.0;9.2
40d5a69da8b140578d646598fafd8864;8.0;0.71;0.0;9.5
c704e62c26d54005881fdd99bd47c7d4;7.8;0.5;0.17;9.5
3c1e689e367c49a686faa30531493476;9.0;0.62;0.04;9.4
8ad167afa565444e8868b5ac561e13c1;8.2;1.33;0.0;10.9
188adb563972496e9453915886519789;8.1;1.33;0.0;10.9
75f1fafc451f483da3a505a1dc30419d;8.0;0.59;0.16;10.5
3ebf42db7fb04c3db2162f85db58c5c3;6.1;0.38;0.15;9.4
4269df280bc1438cbcb0259f2110a401;8.0;0.745;0.56;9.4
ed0a12644bc34079bbce6cbb46c924b6;5.6;0.5;0.09;13.0
997ea571ecc44cdb8f0f52a46c27d769;5.6;0.5;0.09;13.0
7b27cc8e7c094908a9b0b22e7e428228;6.6;0.5;0.01;9.8
f35db1fafd3949078ed1dd3d427a0cf2;7.9;1.04;0.05;9.9
80c8b4ea81524b1ab902c5afcc1fd2b0;8.4;0.745;0.11;9.6
f39ab80a0d1343f0bcf8abccc599d768;8.3;0.715;0.15;9.5
181902dd0c3c467a8685bab77f4abf12;7.2;0.415;0.36;9.2
3f1e61da6f7f47cf95711b1702a0ef45;7.8;0.56;0.19;9.5
abd31636fa6f4f948cbdb111d8c765dd;7.8;0.56;0.19;9.5
c3b2d62c607a411e893d544dfe99d5d4;8.4;0.745;0.11;9.6
f32a10d54b3747c391d2366135abbe8d;8.3;0.715;0.15;9.5
c843e0fef9554a44a15268fd8f6f11f8;5.2;0.34;0.0;14.0
418a2b1583b84664a96eb634a0b961a6;6.3;0.39;0.08;9.4
4f57c12d157341f3ade3335bedb7c4fc;5.2;0.34;0.0;14.0
59f87919878f4028a7445a604a08f1d9;8.1;0.67;0.55;9.4
2cdae41b50b74f2cbfc28c2fd1cb39c5;5.8;0.68;0.02;10.0
26f39d4fbca54365a76fcf69ca3917d8;7.6;0.49;0.26;9.3
527a7f84cc9848a4afd1392a12752628;6.9;0.49;0.1;10.2
645e70251ada4b62abc3909818d8504b;8.2;0.4;0.44;10.5
97d85000fa994acb8743d31cf24e994e;7.3;0.33;0.47;10.3
9c0cdbe3414f41b586ae530b3943f2bf;9.2;0.52;1.0;9.4
33d1135842c940cc8f2d71df3411eda2;7.5;0.6;0.03;10.1
e704310492bb4915b099140a9da5aac6;7.5;0.6;0.03;10.1
7f343ce8938d40c7b924a73d622482da;7.1;0.43;0.42;10.5
d4b8b0c2e9e74361a52e9b785643991e;7.1;0.43;0.42;10.5
cfabef99de8e4e6787ad58f5cfa04da3;7.1;0.43;0.42;10.5
11cfa72ff0384b2e9d13437cae823de6;7.1;0.43;0.42;10.5
9f4c54a2bf9a477fa1dca7c46f2e7631;7.1;0.68;0.0;9.3
3b4d7a95ca0e4408b9a9ebb70ad9dd3a;6.8;0.6;0.18;9.3
64ee3983be954b8ebfd98670201db5ad;7.6;0.95;0.03;9.6
71b75f6607104bbbb4dc0602cf5309e7;7.6;0.68;0.02;9.2
25ab44827602475f9c07a81b616f3ab3;7.8;0.53;0.04;10.0
736e8b82053d4b4fb7edd52d2fc6dc3b;7.4;0.6;0.26;9.4
9180c64e201944e1a8a8303d28e81f4f;7.3;0.59;0.26;9.4
1169adfe34dd4e5683ae2d45d98b1a20;7.8;0.63;0.48;9.5
1f24b57fe42644b89030ec4f6c7e2418;6.8;0.64;0.1;10.2
7cbde912a85a4cb89a8dccb8a96e9b99;7.3;0.55;0.03;9.0
108058440d4f454e8dee57cc64f84912;6.8;0.63;0.07;10.4
526cced068ef4af0a12f69dade5f304c;7.5;0.705;0.24;9.5
93ceb0888da540ff8ec8ea173ddd7950;7.9;0.885;0.03;9.1
ac51bc517c7b44cfaae4d2941b9a76b7;8.0;0.42;0.17;9.2
2d083eddf8e041a59a1d9ba3834d64e8;8.0;0.42;0.17;9.2
f7edc2e7aee44ffbb5fdb2dd8d812578;7.4;0.62;0.05;11.5
a6dd0a68a8b941ebbddff001b87a14d7;7.3;0.38;0.21;9.5
ddde983a83dc49a189867bc11c3703ec;6.9;0.5;0.04;9.5
0c46744b4784465d9cf27bdbf7b8cefb;7.3;0.38;0.21;9.5
d4cbf685f68e41a09a03eaefe5998b7d;7.5;0.52;0.42;10.5
f5c5cbd7f119496c864c2c6f5dfe25f4;7.0;0.805;0.0;9.6
4b88c1079ecb4423a2dd8b0cccc8d230;8.8;0.61;0.14;9.5
afb85d58af294638b09b7abfb3ef606a;8.8;0.61;0.14;9.5
7a39e1e1e26a4bb89cfbe1bb7fc1a2cc;8.9;0.61;0.49;9.3
398a8d3526554c808605c927caebf73e;7.2;0.73;0.02;9.3
ae357566c7994921a4aa4346134cb4f9;6.8;0.61;0.2;9.3
55e071293e914449b86f85e523bdb332;6.7;0.62;0.21;9.3
21b7b323d2c841cd87aec2757bd8b147;8.9;0.31;0.57;9.7
cd6b45dae2aa429da48fce8bbc848bdf;7.4;0.39;0.48;9.2
f41a8469a6e548178de1c05ee5589436;7.7;0.705;0.1;9.7
fcdd04e4ca5e4f6ea833033fd880c746;7.9;0.5;0.33;9.5
f2434414a36e4e69955012ae1504b011;7.9;0.49;0.32;9.5
5eab2041a64a4a04829c7427d0941876;8.2;0.5;0.35;9.4
45cf37d58d3742e4adcdd787b14750f0;6.4;0.37;0.25;9.8
cdf5f37f847a4e988066937cb37c74bb;6.8;0.63;0.12;9.5
e4655239611049179ca20cb30fd6c617;7.6;0.55;0.21;9.7
48aac7db1fe24199a5438f50477d36bd;7.6;0.55;0.21;9.7
0dd96b4242274aba88a8798ef50f8485;7.8;0.59;0.33;9.4
cd43e3cd6e314d03b5d82dfb72c14cc9;7.3;0.58;0.3;10.2
a53605cd80a7453d9201cb64d20ec3c0;11.5;0.3;0.6;10.1
ff86bc09234d4f4684d923d384e39d86;5.4;0.835;0.08;13.0
bdc01c0939304891a85ea9fc771d8921;6.9;1.09;0.06;11.4
5278f717bc2e45d396f6464f28c72bc1;9.6;0.32;0.47;10.3
8b70c709099b418fa1a2c74a7ec240cb;8.8;0.37;0.48;9.3
a35459cb7d5042dba447ef1d552932df;6.8;0.5;0.11;9.5
dcd002b904244eb3a7a814044a70dbfa;7.0;0.42;0.35;9.2
9931f4532cd04305a0f2a03012d26f5c;7.0;0.43;0.36;9.2
b010a054beac439d883fc5d2ffbfa44c;12.8;0.3;0.74;10.8
bc678c58f97c40a29c8ef87db5c2e5f4;12.8;0.3;0.74;10.8
11c03e56301849b0865917c04140290f;7.8;0.57;0.31;9.3
e35db0b8a8a54fc6818bcc96c65342ab;7.8;0.44;0.28;9.4
aa2e6c680c784629ac234298d69f7c14;11.0;0.3;0.58;10.5
9f2887d4886d43f0afe822fa804b90ed;9.7;0.53;0.6;12.4
10944266460e4078a90fae776cedfcc5;8.0;0.725;0.24;10.0
5b6ae1912f4c4596a727848126b75b3d;11.6;0.44;0.64;10.2
306b9a461f464eebb173dd8cf1c92cf5;8.2;0.57;0.26;10.1
9214feb713e549d3b324437f0400e033;7.8;0.735;0.08;9.8
d422bccb10c143e5801d414a20bc6859;7.0;0.49;0.49;10.5
ae33945de3164854bd8fe2f754d67d5f;8.7;0.625;0.16;11.0
6de6dbbdc7e8463388e17b5ec467c285;8.1;0.725;0.22;9.1
76a9ac11f5ff4640a036255153b57cd5;7.5;0.49;0.19;9.7
940876155f134d6c9af2ed9b8e88f71d;7.8;0.53;0.33;9.5
9d49b60372ac4b0e80b75e23f5660084;7.8;0.34;0.37;9.4
11b1bd594576475290babfb9fe48f1b2;7.4;0.53;0.26;9.4
8458e2ee1e5041ff8bdc5fc117dbc4a4;6.8;0.61;0.04;9.5
c3c491acd37b42ffbc108e45cd747701;8.6;0.645;0.25;10.0
3418112535364ca893757bc1bd1cfe57;8.4;0.635;0.36;10.4
1dfd497781b743a7a14ae56f199bafaf;7.7;0.43;0.25;10.5
d1f00cb9ebcc4dea97b9363a1a774d39;8.9;0.59;0.5;9.5
defa6c3d8b9f400cbccd48945239c24f;9.0;0.82;0.14;9.8
11c8727f17944ccab82a3a452ed8fbd8;7.7;0.43;0.25;10.5
3545df58d4e34c3cb69b487b5c04da3c;6.9;0.52;0.25;11.0
6798a20eec724836ae5fabfa6170eab3;5.2;0.48;0.04;12.2
b1fff1177bee4698834b7e57c2d82f13;8.0;0.38;0.06;9.9
386adbff0c6948878c5a83921ac1478c;8.5;0.37;0.2;9.6
66048c7e87404d48b0d62cb674b7cea3;6.9;0.52;0.25;11.0
41287e9e9e7c4464ae31ae0b642c72b2;8.2;1.0;0.09;9.0
b4f4a1f6702342039fe254bfdbb361f2;7.2;0.63;0.0;9.0
acf455013cd544819a5daccb28e7b45d;7.2;0.63;0.0;9.0
e80cd7d21a9c400da35705ca0c321350;7.2;0.645;0.0;9.2
e77e5c50b4b146f98744c81c38f1a137;7.2;0.63;0.0;9.0
92091791a2bb482fa42a55967ed375c5;8.2;1.0;0.09;9.0
1696c3b98d46414db7063721ba7571a3;8.9;0.635;0.37;9.3
6b93681a0a3246e7aacf59ffbaebd038;12.0;0.38;0.56;10.9
d6b094d2ce054cc2b23a62ee60fb31b1;7.7;0.58;0.1;9.8
9998da39b37c4d33b33c1916fce4250c;15.0;0.21;0.44;9.2
05d143428cd44c97841aed3f1fbbab13;15.0;0.21;0.44;9.2
1e60df63924c4712824f4eb6878fc492;7.3;0.66;0.0;9.9
beb70cb3331b4134a591363abc53ef46;7.1;0.68;0.07;9.5
6c144ec8081c4ddb81bf985e8d586820;8.2;0.6;0.17;9.3
060b322d6d564e388f04fbcdc7bb29d7;7.7;0.53;0.06;9.8
9b1b6e0ef51549fc995a95b2a5ddc6a9;7.3;0.66;0.0;9.9
07bcc82117074d60b70d2033b680e31c;10.8;0.32;0.44;10.0
113984ec89bc40999675f434f24f46f9;7.1;0.6;0.0;9.9
fa82162c24644911ba6565dbb94e116b;11.1;0.35;0.48;10.5
93c99084cbfa4014b32e5f03adb4d8f3;7.7;0.775;0.42;9.5
c6a3a939ff09458e898103639958f13f;7.1;0.6;0.0;9.9
20a9e608c8e84e8180033cf3d27aa7d0;8.0;0.57;0.23;9.3
06c82fc55c8344fc897aabf6d3fc2783;9.4;0.34;0.37;9.2
d5c2ba59e42f4c6c935537c2845cf525;6.6;0.695;0.0;9.2
9cefe02d9e16408cbc870849440342f1;7.7;0.41;0.76;9.4
b04aecb866454dcc963d63b7f32bdbf2;10.0;0.31;0.47;10.5
b8558f4abe0d44ab9ca891d1110875ad;7.9;0.33;0.23;9.3
2f977a747c5e4c7caef3df7aa445c119;7.0;0.975;0.04;9.4
401851d5cbe441a7a2d40d639b7c7c63;8.0;0.52;0.03;10.0
9a118669ebf7479fbd7ee02b01bd52bf;7.9;0.37;0.23;9.3
c78a128a4b8c41d6912a2d0998fdab47;12.5;0.56;0.49;10.9
1bc2dbcf974c4b35903d7dc3d3e72ab3;11.8;0.26;0.52;10.2
1063b33b0c224b87bad655dfa31cc50d;8.1;0.87;0.0;9.8
c5acab467f774fa49a91530f5fba8fe0;7.9;0.35;0.46;12.8
8cf112eccf3848aa9aa8e93a68230513;6.9;0.54;0.04;9.4
8422b7b3c26040d680f56ad0e677facd;11.5;0.18;0.51;10.1
5e08b1f6640b4a659417697cfe97a4df;7.9;0.545;0.06;10.7
8aa7ec54c625486fb834f1ffe585755f;11.5;0.18;0.51;10.1
b253d01e60f44e1882bd2281ecf2d32c;10.9;0.37;0.58;10.1
73a3ea8be22d4a55b56c4d9d62705ee4;8.4;0.715;0.2;9.4
87133ba8a87541288f900437d0a15729;7.5;0.65;0.18;9.4
f5e35fae9ef7458b994dc4e272cd9200;7.9;0.545;0.06;10.7
dcea2ac53aac4f2684813862ab1206c1;6.9;0.54;0.04;9.4
83a915f3cf814a2681f88a82d6c1654b;11.5;0.18;0.51;10.1
3bfdaa2770d843fcbf8f5c9da2e060cf;10.3;0.32;0.45;12.6
4c76fb9f11b24b78b5d041724ec1e9e7;8.9;0.4;0.32;10.5
9d3d9c768575405c83636369045ee12e;11.4;0.26;0.44;9.3
cdda3b3d89d14124bb18782cd14d98ee;7.7;0.27;0.68;9.9
21ff2e129997491680a602b59534a016;7.6;0.52;0.12;9.1
150523aaea7d46d18ccd5e5f1da6ec37;8.9;0.4;0.32;10.5
3ccb140409444ada853c37e5e4e0b845;9.9;0.59;0.07;9.8
aecd70e76587446fa523ec5dbff9b6cc;9.9;0.59;0.07;9.8
6c3baa3167d24a8f85fdd49649f50c00;12.0;0.45;0.55;10.3
730b3fda3bc94757b35ad59e0d1b98ae;7.5;0.4;0.12;10.3
1739499ae1a34328a44fbb7469a49540;8.7;0.52;0.09;10.6
5fff0646cc844f28bd64d3ccf47bdf66;11.6;0.42;0.53;9.2
07e2785fdd8644c5ab78118d0b9eb88b;8.7;0.52;0.09;10.6
4d0795c51c7c42b19d8e5c96b24c4510;11.0;0.2;0.48;10.5
79355fcc551c497aa91413260e7d772b;10.4;0.55;0.23;10.3
6ef95db197794d9183f695e8efbf6078;6.9;0.36;0.25;10.1
cb6c3500c6114ae08607946f49f4b8e8;13.3;0.34;0.52;9.5
eff35d070425429ab35bd0ddf6dae0a3;10.8;0.5;0.46;9.5
76afaa5f258d4394b676ca39095d9dd5;10.6;0.83;0.37;9.9
73b18751dc2c44f9bf70860bb0d93f0c;7.1;0.63;0.06;9.6
9ac8a811dd2843be995c7236aaa7980f;7.2;0.65;0.02;9.7
6e38258f13524a7cae3579215ad2c699;6.9;0.67;0.06;9.6
af09f66834024f45bf72c20b5d5dba76;7.5;0.53;0.06;10.7
d13006bc836a49ff8dbc4e5bd7facb07;11.1;0.18;0.48;10.1
303adc1ca457422da63ad642af88722a;8.3;0.705;0.12;10.0
cbc4a30b50bb4f758d8749f4b0ed46ea;7.4;0.67;0.12;9.5
add10156c4a04cc7abce9d09382f2599;8.4;0.65;0.6;9.2
7693279b23e3425e9716849a00392fba;10.3;0.53;0.48;9.3
97bd908031d04bf99675fe547f47bb4c;7.6;0.62;0.32;9.4
0883c23609234fd990256616bef5e309;10.3;0.41;0.42;9.5
90aba1c991694c31a1dfbc0516b35fa1;10.3;0.43;0.44;9.5
1e751141c20147779eafb5c11e286937;7.4;0.29;0.38;9.5
ce55afd6f70a4825b346d04d56c38763;10.3;0.53;0.48;9.3
da9a4a317db94e0cb50798ef9890f60f;7.9;0.53;0.24;9.4
f82394d0257e4ba0a77bbb838d0e5540;9.0;0.46;0.31;9.5
954d363045da4750b5d34d83f261105c;8.6;0.47;0.3;9.4
9206d8aa9d164cd7b33ad49fe5ad3869;7.4;0.36;0.29;11.0
6937a3a9d11042d1833d8779e2369c39;7.1;0.35;0.29;11.0
6d29fcf96b85400ba995bfe4b7b6aa5a;9.6;0.56;0.23;10.1
43d25030483f4f0983cf76de6a51f151;9.6;0.77;0.12;10.4
96da7921e82a4169879f3b2d5a7697ae;9.8;0.66;0.39;11.5
adf9816780cc4092bf46c84a383bd2ea;9.6;0.77;0.12;10.4
6634711e3a114b1ebb9ce86dceca437a;9.8;0.66;0.39;11.5
7a4ae26c162745eb91a246aa3b38d701;9.3;0.61;0.26;9.7
d4a9577cfe0844009355737b522fc1e3;7.8;0.62;0.05;9.3
ece2082028054df098cd0d4dffd81ebe;10.3;0.59;0.42;9.5
97027f57b5654450b2853d949b91b375;10.0;0.49;0.2;9.2
f9303a21ee8b4297a72d1efe99efbb0a;10.0;0.49;0.2;9.2
cd21af9c11444f04b658cf7dcd57032f;11.6;0.53;0.66;11.5
d7ad727a0bda419ab91acef951dd5bab;10.3;0.44;0.5;11.5
e1ab8a16bf1a43c69ebfef03dc87df5c;13.4;0.27;0.62;9.7
097f4fcd846e4041b52661dac4103a3d;10.7;0.46;0.39;9.5
622f2e43582248cf92811e24bb1db6c6;10.2;0.36;0.64;12.5
96925d5d69e34bbf808f51780b46486d;10.2;0.36;0.64;12.5
4a815aeebb794f46b5071b54af8f9f80;8.0;0.58;0.28;9.4
991a4a085aaa457aa9642b6fa62a8714;8.4;0.56;0.08;11.0
accf777a6ac84ae6a503c2767d22bffb;7.9;0.65;0.01;11.7
77601aa2097540e7b073111872b69723;11.9;0.695;0.53;12.2
2327f3c1528647819554996ef1aa8abe;8.9;0.43;0.45;12.5
034f13048cb94ec786d6c175c42ac2c0;7.8;0.43;0.32;10.3
3b629161ae6a4472b398574582bbc772;12.4;0.49;0.58;11.5
0057feb88b824b2d8d26f0109ba3e1f9;12.5;0.28;0.54;9.8
33e93b96e63042e28c8e5602f7a412d4;12.2;0.34;0.5;9.2
eb2aa45d86444157ae2511fb276ba83c;10.6;0.42;0.48;11.3
2e65a7d434014e058c480729a8550732;10.9;0.39;0.47;9.8
8daea5f9465f41e69705075cb3a06a8d;10.9;0.39;0.47;9.8
d86b910f3b474034bc58a5ae6efcba56;11.9;0.57;0.5;10.7
4637bee79d974a6a8786ecaaeb8867d4;7.0;0.685;0.0;9.9
eb178ba4719641b1ad80dd167d6dafc4;6.6;0.815;0.02;12.3
def501d3950f4ff387256d92e5b57100;13.8;0.49;0.67;12.0
e4960f000d3d4ecdbef310c926a2bf1f;9.6;0.56;0.31;10.0
a915f4682c0e425ea2646e79a30bc798;9.1;0.785;0.0;9.4
e00426ceca414ae997bec9d4feb89424;10.7;0.67;0.22;9.9
25f2359a376647c8a15e728873ecee84;9.1;0.795;0.0;9.4
d7c04e7f72c94ba58c1f15125fb82fa8;7.7;0.665;0.0;9.3
7f75e6e905e241e4a0bb5955d25fb607;13.5;0.53;0.79;13.0
bf70416fc5a843debd1b85f442b2f5aa;6.1;0.21;0.4;11.9
d961561d592c45b993afeddbdbc0d3c6;6.7;0.75;0.01;12.8
4d754546dbf44fd9b5406c085afd5a3a;11.5;0.41;0.52;11.0
4bb2831ccf1644fa8a83445bfc0ba8b9;10.5;0.42;0.66;11.7
d5528f4180ee4163ab15c33bb043b954;11.9;0.43;0.66;10.4
70e508db0687427589e7f50dbbbd57cd;12.6;0.38;0.66;9.8
191deb7155714ec68c58d968afe658b8;8.2;0.7;0.23;9.4
1173d040135a48ba971f16f271735bb7;8.6;0.45;0.31;9.9
c2b43aa060474cab8567008b0992ebd3;11.9;0.58;0.66;10.0
888e6d9fdc174ba0bcf71f9d9ab8eb72;12.5;0.46;0.63;10.2
e4af725d3ebf44fc94f578466c0d7e10;12.8;0.615;0.66;10.0
46ad141c612e479db6cdce2ec108929a;10.0;0.42;0.5;11.8
62c9674173cc4c6f9295c016b7e68514;12.8;0.615;0.66;10.0
560860a9064e419687812064eb235fa2;10.4;0.575;0.61;9.0
6e28db14df834c42b5d5cdf681d08fba;10.3;0.34;0.52;9.4
4a4ce1a60fa8480589e5739dc4958362;9.4;0.27;0.53;12.0
16d2f658fbc24d208869342038f2f7a2;6.9;0.765;0.02;9.9
5e99dc81c974446fa37b6608b3681229;7.9;0.24;0.4;8.7
905bc01de87e48bea578c40ae5e79011;9.1;0.28;0.48;10.6
564d6210f09644b082ec8b91c6ae834e;7.4;0.55;0.22;9.2
f555ca4f324d462aae54c37b2726d5f2;14.0;0.41;0.63;10.8
c47517ff41a44d9ca2e8e0c4ca1d95f8;11.5;0.54;0.71;11.8
78fe55a671234a87a8b3baaf5f280648;11.5;0.45;0.5;11.0
6a96a442b76a4b2e8a419283f3f437e3;9.4;0.27;0.53;12.0
5334b9365b3b49c5b9210aeb994c8039;11.4;0.625;0.66;13.3
cbfd0ad918b649bf85edd68dc3ed60c7;8.3;0.42;0.38;10.8
9d0bf9b798884a3f9b44aa6f2f3bbfe1;8.3;0.26;0.42;9.4
7419c385a8f74c8bb7c95f5d7e1600c5;13.7;0.415;0.68;10.0
b06c8b6729944fc29f452c15f94f1db0;8.3;0.26;0.42;9.4
c7337444f4174b47a41a159576ead539;8.3;0.26;0.42;9.4
62f2f49ed43242f487dd66236d02d738;7.7;0.51;0.28;9.2
7b9c3423fcf946c48909432c776fc3db;7.4;0.63;0.07;9.7
3b97d97b92e84b71b48c84c7086fedd4;7.8;0.54;0.26;9.2
7fae707d0b404615bd25980e07e95d1c;8.3;0.66;0.15;9.6
c4582c42a3524c71b70fc0ee6b9ff5e7;7.8;0.46;0.26;9.2
5c6fcf7f10574b22ae0c166fb65b56a7;9.6;0.38;0.31;10.0
76f85ca129854ebf86f9140015c242d9;5.6;0.85;0.05;12.9
2b8146505ece443a8450839f4ad41851;13.7;0.415;0.68;10.0
3629d5dec8b1482c8a7378fd84f84bca;9.5;0.37;0.52;9.5
d9b4590b9dce4aca93cb47d7c30dc03c;8.4;0.665;0.61;9.1
c074ce4e5ddb4087bfa763ba12382b79;12.7;0.6;0.65;9.9
39f5005c6dec4758b453626abd9024e0;12.0;0.37;0.76;13.0
9192e2b39dd641adab0e185565fa58c9;6.6;0.735;0.02;9.9
1ed1d7dfa7a14df5bf901b264c2a8d4a;11.5;0.59;0.59;11.0
ec8c53ba253143868d0d5cdac1fd8cce;11.5;0.59;0.59;11.0
fe4eda91c6634ae4bdedda1d1eebb922;8.7;0.765;0.22;9.4
ab8fec7a76474b248555b7fbd88ce291;6.6;0.735;0.02;9.9
50cf70b8f21d49dbb39b17fa7f67da68;7.7;0.26;0.3;10.8
47591b474a604b6e879a1b84e8e72ded;12.2;0.48;0.54;10.5
e1616284efeb43f69b6784560b7c6b1c;11.4;0.6;0.49;10.5
c9dc6441f38a402ca107c24e78ac57ed;7.7;0.69;0.05;9.1
dd989fd2d9034a7aa96ca5a559e1af13;8.7;0.31;0.46;10.1
f45951508e6b4084a634deb4ef595415;9.8;0.44;0.47;10.8
2f6c6b6806714a69adee5502f09361eb;12.0;0.39;0.66;10.8
6af1fe72f3514d7885e1dc4b453c1d3a;10.4;0.34;0.58;11.3
04b286e1c86b47cb8417a0823a156d62;12.5;0.46;0.49;9.6
9d558df5f1ef4acdb95e1722189cf699;9.0;0.43;0.34;9.5
82393d1ccc5046dd804d128e4fa9aac9;9.1;0.45;0.35;9.5
bed690623e2a43869aaa7a05dbc179b7;7.1;0.735;0.16;9.3
72f9582822834f8097c11234342b7c6a;9.9;0.4;0.53;11.7
22dcd8af8b0449fdaf58d841544fedc9;8.8;0.52;0.34;9.5
1ec66f0c8b3445b5ac7f53ec27744080;8.6;0.725;0.24;9.3
5c056e009c4a4559b21b77793a682eff;10.6;0.48;0.64;11.7
55665e222ae1465ca99660fdcddf67b7;7.0;0.58;0.12;10.5
bf130a876b014f7f8ebb5db0d6b46ca8;11.9;0.38;0.51;10.4
ed199547b77945afb69c91d051818734;6.8;0.77;0.0;9.9
ac6c188ec190426eb445f89395435a5d;9.5;0.56;0.33;11.8
6b5c72e64a394c718f71ec65a02893e7;6.6;0.84;0.03;12.3
2e8316ece3ee435ba0553f12ffe3e8bf;7.7;0.96;0.2;10.9
97ba873a3ffc4182b520a4dc3a907848;10.5;0.24;0.47;11.0
605bd12150a6473fa1e8cf52a3fc255b;7.7;0.96;0.2;10.9
a1e4cfd431724eb8ac467576281a848b;6.6;0.84;0.03;12.3
3f8fb4b4e56740899788df2afc58c0ed;6.4;0.67;0.08;11.4
7d14275f41ad4b119f5b2faac4183eae;9.5;0.78;0.22;10.6
4fdbc582428144458b2cc894a96538f5;9.1;0.52;0.33;9.3
92e6c360bac74511be101c1bbc579a3d;12.8;0.84;0.63;10.4
7ac74d9295dd4a0980b19b358fb7ef92;10.5;0.24;0.47;11.0
840f369e100b4aaeb7c2957c312c105a;7.8;0.55;0.35;9.2
b2fd0df9b37f492e9a8285326b712156;11.9;0.37;0.69;12.8
c45ef21939804f01b81f45ea775c73d0;12.3;0.39;0.63;9.5
1b81e85a64e5425a98567ff8c4d885e7;10.4;0.41;0.55;9.9
a3013e46a0534b7295a8303640721cd4;12.3;0.39;0.63;9.5
98ca605c7f5642788b9de7ea30a3c373;8.0;0.67;0.3;10.2
7b1d2371b2b548248dcbcf8c1824a86b;11.1;0.45;0.73;11.2
9753355c312742798895a2d5cd100607;10.4;0.41;0.55;9.9
399ad9ac93b34acc9742d9a62331b02d;7.0;0.62;0.18;9.3
6ff77bd8b20e4ab3a9c98acf5b50d200;12.6;0.31;0.72;9.8
440468622af94deab2d2cf989c47c3ab;11.9;0.4;0.65;11.3
b37777b68d7a46d79e2e14f4b055ce34;15.6;0.685;0.76;11.2
0a71a6cce3c0450e96bc90137577b949;10.0;0.44;0.49;11.6
d14d57383f2b4e5a9687197077028101;5.3;0.57;0.01;12.5
cd880396e836454bbac7844917117cc7;9.5;0.735;0.1;10.1
0f8bb7e1e5b940cead57dbb3d8f630cf;12.5;0.38;0.6;10.5
6a50f5d44dbc454c960fb1dff714bf1f;9.3;0.48;0.29;11.2
e5c407cc6ad24695adc966c5baccc9b0;8.6;0.53;0.22;10.2
41659d02cef841ffa2fe2ba4cab22e5a;11.9;0.39;0.69;10.8
bb4c512306fe456db4dc58574f6b6aa0;11.9;0.39;0.69;10.8
0878afcdc441463899ef331608a261fb;8.4;0.37;0.53;9.1
7a32fc9f1dbd44c680ed0c5994c22952;6.8;0.56;0.03;10.0
1917bc8a64b3475ead257c73760bd125;10.4;0.33;0.63;11.2
106e2e5187244f148bf22dc08f5a8e00;7.0;0.23;0.4;11.1
2c41e5390e2d4d16876ba01e1c0f193d;11.3;0.62;0.67;13.4
2e1cee403cf546d78c5225727b7f463c;8.9;0.59;0.39;10.3
80b2799aca294daf888f0522ceb704cb;9.2;0.63;0.21;9.6
ba27d9027335410fb89bba230faea95c;10.4;0.33;0.63;11.2
42ea5bc4e57e475194d6c2e4eefeb9f9;11.6;0.58;0.66;9.0
6bc7f39139504eddb7bb3efd1457bff2;9.2;0.43;0.52;11.3
493d93dd323844be9233bf76280d2916;8.3;0.615;0.22;9.3
0a5432f42f824c69b3b7dfab9aa99cc7;11.0;0.26;0.68;11.8
feff62ca2f5a427bb3a486ae8f4f31ca;8.1;0.66;0.7;9.0
78dbeb617fa34bacb4cc9835edea78a1;11.5;0.315;0.54;9.2
4b9aec9f33e14406a619620d79c88760;10.0;0.29;0.4;9.7
14a7725c0f5c4471bfe7214565bad652;10.3;0.5;0.42;11.5
28e524dfa8f44107854af3980c8b2e93;8.8;0.46;0.45;14.0
767963d4d1cd482c8a044f8a3c86952d;11.4;0.36;0.69;9.2
bd63c074d90d4df3a8e809468b9e5f3f;8.7;0.82;0.02;9.8
04056490e0ec479e9e48684bb3a8a412;13.0;0.32;0.65;10.6
8ff5e42960744e009c5e0de6b211aabe;9.6;0.54;0.42;11.4
d2c7b27d5ad44724a7020abafb6a836e;12.5;0.37;0.55;10.4
6b120521f9c44390ac5b18f9e1627cfa;9.9;0.35;0.55;10.6
6fb4bf67e1fa4dacbc004ab5d5caabf4;10.5;0.28;0.51;9.4
9e997d6015a646b1b3e932d0f7205305;9.6;0.68;0.24;10.2
a55794f5645a4a72a675030d608f03e5;9.3;0.27;0.41;9.7
6b3c80c6edfe41b5a62b34b1d812b502;10.4;0.24;0.49;11.0
a8a6eb7df7304ccb82c4d45947b37f73;9.6;0.68;0.24;10.2
e7bba68be2a44e09bcd8fa1eaf54d707;9.4;0.685;0.11;10.1
f946b6ca0540460186b97977a032ccc1;10.6;0.28;0.39;9.2
4d43133841f9425397c104c07e395792;9.4;0.3;0.56;11.7
c9490a9a44fa4186947266402cd66617;10.6;0.36;0.59;9.4
fc881a7f28d243638fe3f5615e499fe3;10.6;0.36;0.6;9.4
54ce899d737e4584abcf913fbdc7693f;10.6;0.44;0.68;13.4
552ffba439ef498ab63a184170d96f75;10.2;0.67;0.39;10.0
61d8f64ebd03443dabbda011b68c6fc9;10.2;0.67;0.39;10.0
e0627f72990e4a5f93884c072d5f939d;10.2;0.645;0.36;10.0
d0271e32438b407481686f9b8161d18c;11.6;0.32;0.55;10.8
9ea249e4bcf045cd98638c5b4662fb80;9.3;0.39;0.4;10.2
df5a41dad32347248f5c8cc31c9a35c0;9.3;0.775;0.27;10.6
6d66e3978fd14647821fd3ba6cf437db;9.2;0.41;0.5;13.3
926b77ca8cef45b28cd663be9135e14b;8.9;0.4;0.51;13.4
9c882fef5d334a6a8be41539d867bbd8;8.7;0.69;0.31;11.6
57558dac2a8c4da0b876ffec6fb0e8f7;6.5;0.39;0.23;12.1
913e9969e341444381b6f29d17307848;10.7;0.35;0.53;11.0
7f9ffd674f2149128ff83b7e75a05989;7.8;0.52;0.25;9.0
1f40fc2004544a6bb0a16193b8df77ca;7.2;0.34;0.32;11.1
4d124e83f2d148e2b991870c74bdfd87;10.7;0.35;0.53;11.0
00eaeb84eb8642e3a8494a5ce6b52d7c;8.7;0.69;0.31;11.6
4c54e5ec1080471eb55c127eac133384;7.8;0.52;0.25;9.0
12c22541fc3c4d47a8dd2888889b3da4;10.4;0.44;0.73;12.0
524e8a8292d14610859cc630dd9b922b;10.4;0.44;0.73;12.0
336115d26def4358972a700bf723c38d;10.5;0.26;0.47;10.9
da72f17b832b48aa8095b90b8f59884b;10.5;0.24;0.42;10.8
a2295c75358e4829b6417d911c80fef8;10.2;0.49;0.63;12.5
317cb6bac14646d6ab26ccc713151263;10.4;0.24;0.46;10.8
dc7a55c9ea8b47749fd50e231a7e71e7;11.2;0.67;0.55;9.5
07e2e1db7f6f4a5fb95e1fcb66b020cf;10.0;0.59;0.31;10.2
f3af5634e7cf458ca75b5f05aacd8164;13.3;0.29;0.75;11.4
47597f17e1f64047949cbec40a48aa51;12.4;0.42;0.49;9.5
3af1d3c9834443258ce16dac4fe8413f;10.0;0.59;0.31;10.2
0d1d1ef0c1d24f9ea99aa0da1a14b8de;10.7;0.4;0.48;9.7
cd7e39f0a2de4655ad9f43342410a374;10.5;0.51;0.64;11.8
786a1235f97e4ac0959ac420698b8d55;10.5;0.51;0.64;11.8
bc5b7ec291d6474bb0cb4bca23b9bfc1;8.5;0.655;0.49;9.3
6eb434c1995144ae90572fa67b0833fa;12.5;0.6;0.49;11.9
95ddd361d8f94f3791f50e026dd138bc;10.4;0.61;0.49;8.4
243b2f0475e44b0b82c12ceeda8cf39c;10.9;0.21;0.49;11.7
83f3b097d12b454e8f49d1d94db69d24;7.3;0.365;0.49;11.0
40486ea7954e4ed9908be868496509fd;9.8;0.25;0.49;10.0
80b63d049f314582891a5de676272e17;7.6;0.41;0.49;9.1
48a83a655c0741ea9a36881aeeda62dd;8.2;0.39;0.49;9.8
f588237cfa82415e99703b1572605b63;9.3;0.4;0.49;9.4
56c59c9e9b684bacbd056fc825950399;9.2;0.43;0.49;9.5
244fc6e0903647fc89be9b108a57beef;10.4;0.64;0.24;9.9
1ae438d512434c2b9ab03f9f80c29574;7.3;0.365;0.49;11.0
ab1db00b136b469197ab5735d29b5cdc;7.0;0.38;0.49;11.4
8cd2509cd1b847989022dda413ed0619;8.2;0.42;0.49;8.7
241c0bbd87aa4857981e0e598facc0ca;9.9;0.63;0.24;9.4
63b644af753840f0a60a43618f250b75;9.1;0.22;0.24;10.3
b02f8bd52b6e4423a4b92888102fa8dd;11.9;0.38;0.49;10.3
f019577a5500478a99138c917eaf991b;11.9;0.38;0.49;10.3
8d5d48f4d782457987b8a45b249dbf0e;10.3;0.27;0.24;12.8
19e000fbb9024887a0a2fce1bd0f2c62;10.0;0.48;0.24;10.0
8f84a23c7ed0446f81359f3fc9f9dcab;9.1;0.22;0.24;10.3
d3f17848ea7f4ce4a9cdf5dffd8f3773;9.9;0.63;0.24;9.4
56fe1a9c13154c8f8b48c2191c739a3d;8.1;0.825;0.24;10.7
1eb497ca741449bb9089b47ec21ea319;12.9;0.35;0.49;12.0
75886629e1dd4800a03b28034f962d3d;11.2;0.5;0.74;11.2
75c8c724f42b418fb9f3bf9080fd4940;9.2;0.59;0.24;9.6
84dfd89dcc6541a4bff07b2d89f8124d;9.5;0.46;0.49;11.0
13a1154eeec54341a09b2066a44d1445;9.3;0.715;0.24;9.9
f8f9ea05d87b46b2995c030197da48c9;11.2;0.66;0.24;11.0
ff99cf6a45564508b02c0996b0426a6c;14.3;0.31;0.74;8.4
c1454ecb2fe14275b200334bbcb39c43;9.1;0.47;0.49;9.1
e91a3ee4ff2542f98f2b6e9651550b09;7.5;0.55;0.24;9.5
c2588c8d042445b1941838b7167a5a41;10.6;0.31;0.49;10.7
61d67edb130e49a29c5cbd5423d9f470;12.4;0.35;0.49;10.4
7315cc32f9334a429739d08f8353805e;9.0;0.53;0.49;9.4
4efba51c13f8483eb4063603cbb9d560;6.8;0.51;0.01;9.5
bb84504c296e44c29b0b39eb9947badd;9.4;0.43;0.24;10.0
b872a5ecca454aae89552230008ca39a;9.5;0.46;0.24;10.0
07951d48f7d14b3da52a758754a130be;5.0;1.04;0.24;11.5
8665d67f2dcb42a99ed2bfaee4378686;15.5;0.645;0.49;11.1
bf90d04a4d7c403da28720317098210b;15.5;0.645;0.49;11.1
edfce6a6cdbd451cba5a73d26c386978;10.9;0.53;0.49;11.7
44e1a51375074e51aed4bfddd4364705;15.6;0.645;0.49;11.1
3616ace16f8643549590bb8364532b6d;10.9;0.53;0.49;11.7
236f9a5fe4ac469bbf93ee58f803b375;13.0;0.47;0.49;12.7
7eaddae462b341afa27d2d98c03c0557;12.7;0.6;0.49;11.4
efd15b04e9fa4c6daf8eefae34b17c65;9.0;0.44;0.49;9.2
350ba37256b343008ddc9d45bc78c4f9;9.0;0.54;0.49;9.2
efc815df506145989999fa5518281620;7.6;0.29;0.49;10.1
a5425d4c305d48c98f5d8fc2693896ec;13.0;0.47;0.49;12.7
b63571e729904f4ba7f2fe41820e66b7;12.7;0.6;0.49;11.4
8ea707e0e1354608bbeb69219f85bff1;8.7;0.7;0.24;9.0
c2565a44c35d4c5e803476ff4853f710;8.7;0.7;0.24;9.0
9025a9c52429433d910d80bd0519cdac;9.8;0.5;0.49;10.7
1920284211fd423690e50ebdbc0c1560;6.2;0.36;0.24;11.7
2ec9d73e16d54dffa21784e2bd2dd55b;11.5;0.35;0.49;11.0
ac7b141e7b33497d80b6294a0246ca06;6.2;0.36;0.24;11.7
e7e290463a1e4c659d7824c46fb8c8f4;10.2;0.24;0.49;10.4
e53f03e641f54a05bb3eac3234c8cecd;10.5;0.59;0.49;9.6
3b07a305e511479492b28da5d864c837;10.6;0.34;0.49;10.0
a7827df438b84266a1bf60546ad9be07;12.3;0.27;0.49;10.2
d9882687267a497c92be50e3cf35a0a5;9.9;0.5;0.24;10.0
e316cba06aec460cbca4556fac42faf6;8.8;0.44;0.49;9.5
0c5a405032354a108283a1e81cdc9400;8.8;0.47;0.49;9.8
24c38b9931544a1f84df82da9dd7d6c5;10.6;0.31;0.49;9.8
1b60484f3e3745808cc713544d044fbc;12.3;0.5;0.49;9.6
460d12019f944044a679f2753ed36882;12.3;0.5;0.49;9.6
78b0d2cf72e94be6a4985493f91c9ca8;11.7;0.49;0.49;9.2
6cd05c775b9841d88c41273d74a11dfa;12.0;0.28;0.49;9.9
e6660546b6c54a42929f8acc854c000e;11.8;0.33;0.49;10.7
f41dd9afa7c845a4aaebbdabb3c2d098;7.6;0.51;0.24;9.6
b08542d406034cad8afba3c330ebc842;11.1;0.31;0.49;10.6
f0eaf2a0b024468984d2d53e378f0c9b;7.3;0.73;0.24;9.3
a4ac72b174634ffdad855927553c4d95;5.0;0.42;0.24;14.0
9e5d20ff1f29412ca8cca2bd1f6955ee;10.2;0.29;0.49;10.5
7aeec8bb8ec745a2b7dd2ccb35198beb;9.0;0.45;0.49;9.7
c6cc5b1d93ff47eb8efe28d934ce72be;6.6;0.39;0.49;11.5
ea42300da6e04796a0559cdf1bb575c8;9.0;0.45;0.49;9.7
577e02c4af35414b8d07281be0d2c909;9.9;0.49;0.58;9.0
7ec0c6ad5bec4cbda046016e80b39fb3;7.9;0.72;0.17;9.5
f76c5824b131416fb3dfa517c24f8fd5;8.9;0.595;0.41;9.3
f5cbf7109ade4cb3a107a8f0908c686d;12.4;0.4;0.51;9.3
abae7367bc7d49c694d54c868bbf7b83;11.9;0.58;0.58;10.0
e04d1a0079a94e4b9f1f5fe390a8f2e9;8.5;0.585;0.18;9.8
5f1dcc16ccc34b20a8ef69657a71c0a6;12.7;0.59;0.45;9.3
b338a835050446a0bbcd22db26e0df21;8.2;0.915;0.27;10.0
bc270be07b6a4d57ae11240acf8c4e69;13.2;0.46;0.52;9.0
dcfa620aefd945bcb3ca8322724786d4;7.7;0.835;0.0;9.3
fd979d233b934c98b9ca00efe500287e;13.2;0.46;0.52;9.0
0ca371c91fe449be912d7e0da35174fc;8.3;0.58;0.13;9.1
97a3a6b597874ddf85e61442c134b8a2;8.3;0.6;0.13;9.2
6acc6d416ee640958d2eea8aaa28b055;9.4;0.41;0.48;12.2
e235b5c57b5a4a478aa4c495ca0ae3cd;8.8;0.48;0.41;10.5
a005601903f14c2ca2f530b9b28e09d2;10.1;0.65;0.37;10.4
77f8782a7e19441b82ea1969f9537f65;6.3;0.36;0.19;12.7
bfe69808ed5e4972821515bbde6a36d2;8.8;0.24;0.54;9.2
518d1a7e5b834ca09c69ac26f762525f;13.2;0.38;0.55;9.4
82909e0fdea144d7af5c3e07af1ea55f;7.5;0.64;0.0;10.0
142d60e22ad2409299a2e8e6a3b44f46;8.2;0.39;0.38;9.8
7ae20a054eed404881c185a0118f0ae8;9.2;0.755;0.18;10.2
37c8c7cfedf1485388c1d864ad771c66;9.6;0.6;0.5;9.7
defca82c502b4399ae5f588727982e54;9.6;0.6;0.5;9.7
1850a827b24a4d6eaf616f5466638d96;11.5;0.31;0.51;9.8
ff524316a0674e179ae3ceddad3d726b;11.4;0.46;0.5;10.2
aa099d64542d495aad80a258e98ebe16;11.3;0.37;0.41;9.3
b020109896d549e1a9abeaf4a229e4c1;8.3;0.54;0.24;9.4
29cec77deb9b435cb679f28a51baf185;8.2;0.56;0.23;9.4
f153a340d0fc42c2b8346ccf5a84ca9e;10.0;0.58;0.22;9.5
1f1fd5696ef048b787d2317ae740cead;7.9;0.51;0.25;12.1
369c3c27ff634b85a40e60be2c34f9dc;6.8;0.69;0.0;10.2
a8eb70aa534f4e71b6182258135c0e39;6.8;0.69;0.0;10.2
c97820d5952c40919cdc0141575d2c94;8.8;0.6;0.29;9.1
8fcecf447c7643e583ba326aa921f436;8.8;0.6;0.29;9.1
a329197084094f1d8b535286a2c577f3;8.7;0.54;0.26;9.3
3201dba55c384a748e32c5144f6a62ba;7.6;0.685;0.23;9.3
11c1f20a13a043fa9763bd862671bac3;8.7;0.54;0.26;9.3
63cd57489c3f427885943f21075712c5;10.4;0.28;0.54;9.5
bb2d8b4183a046938b527c929cf60afb;7.6;0.41;0.14;10.5
efcaf9c6cbfc4f1897ee7e2046c46ac2;10.1;0.935;0.22;11.3
a1b807ab622240ba90e2cfc486512a71;7.9;0.35;0.21;9.5
6e336fb293c5496691cfda18b5234d27;8.7;0.84;0.0;9.7
d1e105738fb040ad9d6cfd43bc6a35d3;9.6;0.88;0.28;9.4
37ce0ede265145c2b134f3b5f77974d1;9.5;0.885;0.27;9.4
68e7dd4d26fc47dcb4e282abcf3236b3;7.7;0.915;0.12;10.2
a7eb413f0944445688514f7ce4a131b8;8.9;0.29;0.35;10.3
61de40b2f3994e3986623c790190b141;9.9;0.54;0.45;9.4
ae64cb3540ae42f0a0dfb5014cde8da3;9.5;0.59;0.44;9.5
e2bb7f8eb5f0430497eeae4ca78fc476;9.9;0.54;0.45;9.4
46013fe378834ce6b3239b8060b1c5f6;9.5;0.59;0.44;9.5
368360714c554d3389b0e667fcc3dbe4;9.9;0.54;0.45;9.4
3171f933870e4b69baf521fe5c0551c6;7.8;0.64;0.1;10.1
5d9a6db6cca44913a02a315e4f620b95;7.3;0.67;0.05;10.1
87b3f996829b4033898f257673dbfb84;8.3;0.845;0.01;11.0
5602b52160d54e0580732b0290777135;8.7;0.48;0.3;11.2
6d20547494a7434185aaf53ee5ca0e2b;6.7;0.42;0.27;11.3
1b5ba38c182145898f7132271d2ea0b2;10.7;0.43;0.39;9.6
c40c3f4c9f1c499b96ab9c16990bc6d4;9.8;0.88;0.25;11.2
9c403b108755461292b0895101ea9147;15.9;0.36;0.65;14.9
c45114aa813d4731ab8989c4c28990e7;9.4;0.33;0.59;12.0
7a434f64503d4759a8b470565e2f3bd5;8.6;0.47;0.47;9.5
188d8547eb574aecadd4fdd20a7f33ac;9.7;0.55;0.17;9.4
c86bd3a69f674be49569831aefc83c25;10.7;0.43;0.39;9.6
e30006a62d124d43845b6fc0fbde661d;12.0;0.5;0.59;10.5
0e8fc7ca6985457c8f0571a71730ba31;7.2;0.52;0.07;9.6
357e2633ddfd4590ad24b95e01bfcb05;7.1;0.84;0.02;11.0
c4f964e47d7f4135821a5a1c1927f984;7.2;0.52;0.07;9.6
291f5173bb9d4ff29682655db761f7fc;7.5;0.42;0.31;9.0
1be6ec3ebad9432b9e86bd30bc312b09;7.2;0.57;0.06;9.6
1ec67eeb71b044fd9acc93aa2826de23;10.1;0.28;0.46;10.2
389cea2f0a3f42158c974b6447135001;12.1;0.4;0.52;10.2
c8aabde5c10247c893fe5437b0d5c503;9.4;0.59;0.14;9.7
ba5905eb376642a1ab78c2ebb250f3f4;8.3;0.49;0.36;9.5
504ea0f4ef3f44c7b53d1657429b07e1;11.3;0.34;0.45;9.2
b9115fc292714046b7db794e91676ff4;10.0;0.73;0.43;11.0
eeff67442be04086bb2164901bca19ba;11.3;0.34;0.45;9.2
581a5c3a4cd64b4b98c6f4fe9a61dba1;6.9;0.4;0.24;10.0
7f6957003c6445ad8c4d60fed395157d;8.2;0.73;0.21;9.5
a4f04512b7b34ad38d7601ff010a682a;9.8;1.24;0.34;9.5
27e78d5732324dafb520bc894cf04e88;8.2;0.73;0.21;9.5
c1ae31a2c4694b3db28d26d72c8c4925;10.8;0.4;0.41;9.3
f20596a6a9034e4f9a3fe89bc9a77733;9.3;0.41;0.39;10.2
d543a01738724f168c7409316cfb25a1;10.8;0.4;0.41;9.3
15911bff9a18450c8ea51ade3c10d759;8.6;0.8;0.11;9.9
571180c092614a4587a44e4531d91522;8.3;0.78;0.1;10.0
cfa906a8430b43478d078d9c8f825458;10.8;0.26;0.45;9.6
47f1cf1e94ac4435b3acdcd349364282;13.3;0.43;0.58;9.0
9aa5885270644896ace3a378d5e5d31e;8.0;0.45;0.23;10.2
b248a11fcb534863af6670f7decdcea1;8.5;0.46;0.31;9.8
5d25c9c8f75b451186d996dcaa73b233;8.1;0.78;0.23;11.3
baad24959fb2439882910392ed55f928;9.8;0.98;0.32;9.4
7a38abcc69f2452f84497ef2f3ad4528;8.1;0.78;0.23;11.3
5e98f6142f4b4a5bb3fa083c607711a9;7.1;0.65;0.18;9.1
a81fd270c1fe4a6eacc8cd721a18e2f2;9.1;0.64;0.23;9.7
b72af24a0614467cbdc8ce2a0dde04c4;7.7;0.66;0.04;9.4
fd7f7b36f72b48c9a6dd7cf5eea39c78;8.1;0.38;0.48;9.4
1e44cb12fe9945f88832a49d19fb96fd;7.4;1.185;0.0;10.7
848087346a0c4c6cbe41ecabe923d086;9.2;0.92;0.24;9.8
f64c14ab3221427b8f0c178c77742b2b;8.6;0.49;0.51;9.0
f833809451054c9eb759b4cfe70335ab;9.0;0.48;0.32;9.4
bbb2c98a907242989a756ade0b55d52d;9.0;0.47;0.31;9.4
8645221f705848aa8b7edaf362263961;5.1;0.47;0.02;12.8
8a3c0334cfe64d89ae77e778849cfe9f;7.0;0.65;0.02;9.5
e3da416b6faf40248f4f678b9ddfb1eb;7.0;0.65;0.02;9.5
d49c7af93a904b4592bf9e615ce16d75;9.4;0.615;0.28;9.7
49b35dc87f7c48f0982b273093ea79d8;11.8;0.38;0.55;10.8
ef4450391c4f4c6ea4f4237e2c1cf52f;10.6;1.02;0.43;10.1
1a2fed7fecab498a8ccf2ffdcf372192;7.0;0.65;0.02;9.5
e2c8d050fb504296a3fb12b79d3308fa;7.0;0.64;0.02;9.4
9b4c448829d8441380089bd27b5feb78;7.5;0.38;0.48;9.6
5cc8b7924bdb41d3af48b9c4f26984b6;9.1;0.765;0.04;9.7
3e75b7b9020c431bb0a6729179d054b6;8.4;1.035;0.15;9.9
95615e4291664b2b8db175157c8a2f14;7.0;0.78;0.08;10.0
ec35ede4e7f941fd9882b547998bf37b;7.4;0.49;0.19;10.5
851794e481a74b15aec34cb847dd97b7;7.8;0.545;0.12;11.6
9def5d70be8c4214bbb1a70af4033361;9.7;0.31;0.47;10.0
09dc472362254d3eba2743b55b20cbd8;10.6;1.025;0.43;10.1
c472f9c6e80f48898854ed5098e302bd;8.9;0.565;0.34;9.5
3f53d11b5815464291db995f9cb7f92c;8.7;0.69;0.0;9.4
5dcaa59e464143558adda4d37514fad6;8.0;0.43;0.36;9.4
b2f0268360e04436ba033d8c18fcf53a;9.9;0.74;0.28;9.8
5ae265a45f2044798d8ae0df93a9615f;7.2;0.49;0.18;9.2
fcb2dcdf08df43e79febe19f8ce3f315;8.0;0.43;0.36;9.4
627c063270814a64ba8d796f06834772;7.6;0.46;0.11;10.0
52594c7686fa49b9be744cd31a7eadd3;8.4;0.56;0.04;9.6
f178b1977fef47288ceaf972d07960a8;7.1;0.66;0.0;9.5
963e9f695e91421798cc387c879f589e;8.4;0.56;0.04;9.6
95c67f36587e4dccac41ea444e60706a;8.9;0.48;0.24;9.2
78522a883ae14618a2338c9260cc6a73;7.6;0.42;0.08;10.0
2fd01c2838c541e09714eb0fb5207b11;7.1;0.31;0.3;9.5
e4333e6030ff4d06a0f2ebe701010911;7.5;1.115;0.1;11.2
b079f0b664784e1bba0fbd397518419b;9.0;0.66;0.17;10.4
1f6503563c8049e8a5e789c72323b7c9;8.1;0.72;0.09;11.1
d927e1e624364431bd03e6da1f3503bf;6.4;0.57;0.02;9.5
f706c653165246a385f858ba3f3ac4d1;6.4;0.57;0.02;9.5
b4064d0c861b46ceb5cdf19293f2b91f;6.4;0.865;0.03;12.7
40446f253cbd41aa8ace26fcd0535359;9.5;0.55;0.66;9.6
a1e0f6d741ec4c6b9f01be8f080140d4;8.9;0.875;0.13;11.5
8231b2c543d64dd2837f6e829ee528c8;7.3;0.835;0.03;9.6
54e8235e3e054a73a217a548fdbc6e88;7.0;0.45;0.34;9.5
20e4f49b9f38494ba8ce4c6ba7d8ff01;7.7;0.56;0.2;9.3
77599a7f70c64977b32494dc741e1700;7.7;0.965;0.1;9.5
d2010efc03c44399893d0e767532f619;7.7;0.965;0.1;9.5
aa096cce35884118a645d9c471b5f3f7;8.2;0.59;0.0;9.3
58ba84aecf034842a14c4019ba48a238;9.0;0.46;0.23;9.2
6661509f02dc45b0acc9837779f7e770;9.0;0.69;0.0;9.3
d11007732b794bfb9e6a3c2ba7f8b900;8.3;0.76;0.29;11.5
d54efc80d3084bd382b907251d350574;9.2;0.53;0.24;9.5
5a4a75e4b71c4df69f5d04a960a8c725;6.5;0.615;0.0;9.2
f264df02effa401885c0cff20b78dae7;11.6;0.41;0.58;10.0
18f2bcff3e3a4225ad51bf314e4f5bfb;11.1;0.39;0.54;9.5
084fa45dc69541198046a2be6bf5be6d;7.3;0.51;0.18;9.5
dd257958db0946a0850b6468d94eb498;8.2;0.34;0.38;9.0
3214f83d52e143bdae1155f1403558da;8.6;0.33;0.4;9.4
2fede6c3dcad4872b42119acd1f8d8f4;7.2;0.5;0.18;9.6
d1973f06c10144c28aaa02d950ff3c75;7.3;0.51;0.18;9.5
96d8c9cc14014fff883cbbf5a2f6bd07;8.3;0.65;0.1;9.5
8a5327e97f5c431c9ec7556f5f1db2ec;8.3;0.65;0.1;9.5
f9b9aa25a5e64ea5b82de493206dbde3;7.6;0.54;0.13;9.4
d7e2b117e0554a0790ecd2ff7e039244;8.3;0.65;0.1;9.5
e23d7dfce924470297e085ee16b80e7f;7.8;0.48;0.68;9.1
98732807c807430ab2ea0b7b8c916012;7.8;0.91;0.07;10.7
44935e558a114ae5a29f29b92d86c436;6.3;0.98;0.01;11.2
ac0c9d6672fd4369bd04daf563709689;8.1;0.87;0.0;9.8
b7032e98d4114806841b454f26d08b8f;8.1;0.87;0.0;9.8
12ea542725914983afc75275a8255957;8.8;0.42;0.21;9.2
f1d0330f703643988069004a8f7d5f9d;9.0;0.58;0.25;9.7
106324f25df7406a9f4cc24efd5b03f2;9.3;0.655;0.26;9.6
8f5bbfe0a7224949ab6efec8758888b5;8.8;0.7;0.0;10.0
968d1eb0839a4bc593705066881691e0;9.3;0.655;0.26;9.6
37d59258a657420aabaef33bcf3cb24f;9.1;0.68;0.11;9.5
10d63f9252dc4b3f98f145cfb5797d97;9.2;0.67;0.1;9.5
fd40c2a491a44fef8a0170480cb03b80;8.8;0.59;0.18;9.4
6787219378694c7594dce655a89270c3;7.5;0.6;0.32;9.5
cd42e38820b3475bb8f9e42a20814a5c;7.1;0.59;0.02;9.7
8e701038cd0d473cbfc1f0cce580e095;7.9;0.72;0.01;9.6
0d397b9790fe41b0afca95f9138c0976;7.1;0.59;0.02;9.7
287d5a1599f54ea2807a67f619d75127;9.4;0.685;0.26;9.4
512765f50a8346bd8a229c92295463ef;9.5;0.57;0.27;9.4
d8f527daae634f8896a715f305c71550;7.9;0.4;0.29;9.5
8c5f1daf79854b0588fa884b88f01ddf;7.9;0.4;0.3;9.5
3d57eb1aa2a24ca7b54ede85fd0c3153;7.2;1.0;0.0;10.0
7e6a00e977e541968ee85ea545a44feb;6.9;0.765;0.18;10.3
eb8a53b56b634b45bd161f72cdedd825;6.9;0.635;0.17;10.3
3df39f3bf40b4d1aa0d99fd0df8855cf;8.3;0.43;0.3;10.5
d8218293eccd49c598d10e0ea9a1b73f;7.1;0.52;0.03;9.8
06b9b738261e484fb4c5c42b349de6de;7.0;0.57;0.0;9.4
580beb4dd7db41a1bc41e25ab5c68f06;6.5;0.46;0.14;9.8
3ecb19b7f1c843949a3b729120162ccf;9.0;0.82;0.05;10.0
8fcd6a976e6c4bb087bfd303838acba1;6.5;0.46;0.14;9.8
5384d992243e4cf8a4ceb5954be48aa9;7.1;0.59;0.01;9.8
d8b4c214df28462b9ac950068766b37e;9.9;0.35;0.41;9.5
4b166b77f6b649df828ea004cedb7a40;9.9;0.35;0.41;9.5
d58a80dce8a9496183c3a7ea36b5d5ab;10.0;0.56;0.24;10.1
7b7208bfbd724d258b83872b4ed5beff;10.0;0.56;0.24;10.1
5a7b6fffe0d448d78b5c357c495c71b8;8.6;0.63;0.17;9.3
68943944aa3e4855a3a9882aa163c165;7.4;0.37;0.43;9.7
e5e0b1079728491cb903dc35bb573244;8.8;0.64;0.17;9.6
83a8d9a0881f4505bf8cb0db861590b5;7.1;0.61;0.02;9.7
9fddb39dc918408db0521db8278cfc61;7.7;0.6;0.0;10.8
66e93dd32d0142809ef34c41c196b94a;10.1;0.27;0.54;12.5
aa6c0fe03e334b3a858fda97627ab783;10.8;0.89;0.3;10.2
45448141c62141d98807ba427a7f2154;8.7;0.46;0.31;9.6
390258ab41d2450baa0f8c50626573c1;9.3;0.37;0.44;10.8
ad50271d484547858b1ed76a68366ed7;9.4;0.5;0.34;10.7
adf81201609243b296643cbf6fdb8dd5;9.4;0.5;0.34;10.7
6c7585542ed444aa9dbb250ad87e3a81;7.2;0.61;0.08;9.4
4c61b8c6ef0f47a292c38b7e7c2b3b8d;8.6;0.55;0.09;10.0
8c6ed2b3b35e41eb9363154c166899e2;5.1;0.585;0.0;12.9
7d6ed65f21ed4a43b289a9684caf4ab5;7.7;0.56;0.08;9.6
200e99dcda764b9686fe2e02a113ab4a;8.4;0.52;0.22;9.9
a29b72408b7c4e549bd14a2a2e713dd8;8.2;0.28;0.4;12.8
9370599fff8c47819f4825f0f123843d;8.4;0.25;0.39;12.5
493c9e45fe8641eab3adf15339e71541;8.2;0.28;0.4;12.8
ace411f364c44cd6b6ed455771a2039e;7.4;0.53;0.12;9.2
2fd8521d40984bffa3d5120e87524542;7.6;0.48;0.31;10.3
0feaeea401044f678737d8766e7ef9c1;7.3;0.49;0.1;10.5
e6a207af429349238301fcbbb149b010;12.9;0.5;0.55;10.9
fa7856bcd1354b07b0bf63d962f5f155;10.8;0.45;0.33;10.8
c83b84cca1e24db482fd9d2fe0c56318;6.9;0.39;0.24;11.4
a7cfc6d7d5a94cda91d2d239a6d2c4da;12.6;0.41;0.54;11.3
3901924d9e2b4a809e98071a65ab9b7e;10.8;0.45;0.33;10.8
dc045f4b87d14b108a2d1e8195c47e17;9.8;0.51;0.19;10.5
c8488b39b10c4a6698aed498c5e823e2;10.8;0.29;0.42;11.9
b9853287d11b47f3a5df50b148db8362;7.1;0.715;0.0;9.4
87325e93251d40ed80f2fdf9d1c114a3;9.1;0.66;0.15;9.6
2b9f852dadd641c7beffbb3633dfd315;7.0;0.685;0.0;9.7
6fbe8c6b60ef4a98b4726f5165a9ddc8;4.9;0.42;0.0;14.0
cd2124e71f2e45f7a80d13bf1cbb9414;6.7;0.54;0.13;9.8
45930c95e51444e19a350b1855ed266e;6.7;0.54;0.13;9.8
90f35dcdd0d3447a8f422ad1ff51cb91;7.1;0.48;0.28;10.3
d09b8f76284043db9af33ef3d7184ffc;7.1;0.46;0.14;10.7
cfc4086480d941deb9a44de3a1023e2a;7.5;0.27;0.34;11.0
da3ebfb06da24d569d82a07adf4a1c41;7.1;0.46;0.14;10.7
eb15cdb44d2d4b499d0aacc986846954;7.8;0.57;0.09;12.7
51ffc9c03a7e4deca940da4885d525f9;5.9;0.61;0.08;11.1
53dbc6476a6e41b488d01ada8bbeefca;7.5;0.685;0.07;10.9
2e109b99373e4a038c855ed96e7f776a;5.9;0.61;0.08;11.1
3731717f6df94baa89aed0ae52a63e36;10.4;0.44;0.42;9.9
29156b05fb8244b58f8a66d0f2bc079d;11.6;0.47;0.44;9.9
fcd8a05500394569affa4ea4f50022c5;8.8;0.685;0.26;9.4
0b33b3972ebb428ea4ba1791a8402356;7.6;0.665;0.1;9.3
6fc1646d25654956b5b80a1402715b93;6.7;0.28;0.28;11.7
4d8e165ab92840cb9422733f69f8a517;6.7;0.28;0.28;11.7
bb35e05c53064629b7fa5127dcae6bd0;10.1;0.31;0.35;11.2
ca5f6d77bca64a3f91946fcb045d2c4b;6.0;0.5;0.04;10.0
5b11a29b971248f199213fa38156ba24;11.1;0.42;0.47;12.1
b25cf5dec4a640f4914b3d8791d42ecd;6.6;0.66;0.0;10.3
1fd3eb8071a3411f861caced7231de02;10.6;0.5;0.45;10.9
51f96df132c24f559420c0c4ad35a531;7.1;0.685;0.35;9.4
2b0b67170d5c42ec9b971e2308b6b4cb;9.9;0.25;0.46;10.6
ab031bf43dc244689cfd6fa99b3989a7;6.4;0.64;0.21;9.8
b651e8b730ad4f2394f7c0d77884edb2;6.4;0.64;0.21;9.8
179295e54cf54ef08a75d7d0a2447a89;7.4;0.68;0.16;9.9
2e773aff9bc24c0f8024c14e6376852b;6.4;0.64;0.21;9.8
302480f082a0473291ab92adcdc7500c;6.4;0.63;0.21;9.8
89461e9e61504ef0ae9f20e912136faf;9.3;0.43;0.44;9.5
78c9a387d02e403880f80163ec08fa6c;9.3;0.43;0.44;9.5
59c89ffb77434eba8de8f5551d0ce521;8.0;0.42;0.32;9.7
3983d01c688c4147bf89e02941e3a669;9.3;0.36;0.39;10.9
2d75829d50ab4473aa667ed7ff2a15a8;9.3;0.36;0.39;10.9
4bb959fde3bf42259622a987f7f16e07;7.6;0.735;0.02;11.7
7d64494e4e5f4d9098a5815c47558cf4;9.3;0.36;0.39;10.9
9447fdbba4a246dba21486e181f562e1;8.2;0.26;0.34;11.3
ceae7413e4164eb5bdc7b5d3fceaa3a8;11.7;0.28;0.47;10.6
595a7f4e9b6d402694e67279398919ac;6.8;0.56;0.22;11.2
1a57b9c4bf6a42dda55928277b8ac8ee;7.2;0.62;0.06;9.5
121be4b9e0e14b0ba04f6b5f311807ad;5.8;1.01;0.66;11.5
b0c32a28524c46c59243839f11fdafaf;7.5;0.42;0.32;10.4
e9c43e93b81f47649f160e429eb5603a;7.2;0.62;0.06;9.7
48144b1ab0f142458f12f16041bbefb0;7.2;0.62;0.06;9.5
595743286e2d48fb9e11647230ab71fd;7.2;0.635;0.07;9.7
b9e7cecbddc748e485e07b1a949f525c;6.8;0.49;0.22;11.3
23da7a24d3f6412db8dfe5f3116c1794;6.9;0.51;0.23;11.2
8d2b04239ee04d5985043431b4904c3d;6.8;0.56;0.22;11.2
aa1137a0f4b64039953a0e60dd90e47c;7.6;0.63;0.03;10.9
3e3677e7799e4b67a8899ef14e55e3ac;7.7;0.715;0.01;11.8
e8036f63775a4dcc97c3d0a55c29396e;6.9;0.56;0.03;10.6
072dc110ce4a4b1f8b0862625cff735a;7.3;0.35;0.24;10.0
2d073a8d50694be99ab36f5d01d54460;9.1;0.21;0.37;11.1
ae02c3eb29344ccda867b4dbfd96252c;10.4;0.38;0.46;11.8
69da26914a154618ba31f6598919090b;8.8;0.31;0.4;11.8
f0bbf3001c8843fd8e7836dfa65dad91;7.1;0.47;0.0;10.9
c28950340d8748ee819060a12727aeb6;7.7;0.715;0.01;11.8
28249ba9022f43d18fd878ba6cee0c9f;8.8;0.61;0.19;10.0
721f462c06d942dbaaff52e74eb61b68;7.2;0.6;0.04;9.5
a60a1c1840684b8d8cdcbc7d06b87805;9.2;0.56;0.18;9.9
0844acc5e6724a62a3671ade6ac56108;7.6;0.715;0.0;11.4
7badef7db3204d8b8e7d44a00e3d7080;8.4;0.31;0.29;12.0
82b8a4441bc54f62b4d9d63b1ac5b2d8;7.2;0.6;0.04;9.5
c063eb922b9c44849c078f98a25d45cb;8.8;0.61;0.19;10.0
a1980bf448ca4e21a661225bdb18d64f;8.9;0.75;0.14;10.5
6cefeee5acd646ea945aa02a33d9876f;9.0;0.8;0.12;10.4
03aca0509e0342b88067ad2e15c2fc2c;10.7;0.52;0.38;12.1
ae8e3c20e8a24a9e929fd5d158341db8;6.8;0.57;0.0;11.2
7c43b688ca384f40a7fcd8d70743e52a;10.7;0.9;0.34;9.3
c98ed0dcce03459fad653d097d95a425;7.2;0.34;0.24;10.1
c2d5fe68d45f407ab8b4553007353288;7.2;0.66;0.03;9.7
d61b3fcd2c194fd9bc5cc19b9a63fe30;10.1;0.45;0.23;9.3
4b645ca566464e5fb54b356342632520;7.2;0.66;0.03;9.7
7665abf5b7db42e38983cce54d3b387f;7.2;0.63;0.03;9.8
da1fce08df5746f5b468bac6530ce534;7.1;0.59;0.01;10.7
38524db3c5e8459c83485a2e17796626;8.3;0.31;0.39;12.5
210b0e6ef08f47efbf6e61ac22c4ef6b;7.1;0.59;0.01;10.7
bfc2b154dde54d669276f343ffce166b;8.3;0.31;0.39;12.5
df41e151ca9149258db4321ad1cdfb04;8.3;1.02;0.02;11.0
f3fa2ee42c214bde856a81a06f80a3d5;8.9;0.31;0.36;11.8
4cd15ec0745243d29ba1caa1a3deb5c0;7.4;0.635;0.1;10.8
a8f428f3287c4ad1bfbadcf2628696f1;7.4;0.635;0.1;10.8
53d497ac8ba346f0aed4dfd68435d700;6.8;0.59;0.06;10.8
7c2eb78a6ccf416aaa003558b5472a90;6.8;0.59;0.06;10.8
c6e356e957814982a853b8b871ac18ed;9.2;0.58;0.2;9.5
ddfa0316256c49989a55b42b9f68388a;7.2;0.54;0.27;11.0
46e628996bf4464e9c31c3d62dfae073;6.1;0.56;0.0;11.5
030e935334f344a8af06f4c89210ae79;7.4;0.52;0.13;10.8
69ecb49fb9a64243a453bfa0e7396a9d;7.3;0.305;0.39;11.5
08f89cbe22304e17a372ecd161d11d32;9.3;0.38;0.48;13.2
eae467507db34a43a1997513191f3ad7;9.1;0.28;0.46;10.9
3c668213284946ef998ad3d8f9f4e3a1;10.0;0.46;0.44;12.2
449a10a5899b42acb09218e5d20ce517;9.4;0.395;0.46;12.2
9448791ccaf64fa1aef58ef5f0fbc8ee;7.3;0.305;0.39;11.5
31686b43e6c54a09a875e8c3477e2ce9;8.6;0.315;0.4;11.9
4724e5d9da4a4af38cdad174a710e590;5.3;0.715;0.19;11.0
f6227f25e900428b8d45dc0f2a167fa6;6.8;0.41;0.31;10.1
77557624f3314af8b76650537e6d58b8;8.4;0.36;0.32;11.0
b4a2938d23ff48d09ee5f7758cde9f03;8.4;0.62;0.12;11.8
08e138b555504d2eac7b6676e048e4f2;9.6;0.41;0.37;10.5
499e5025078c43d4a7ae5af0f2aa15dc;8.4;0.36;0.32;11.0
145efc43da234548923ff434e4031513;8.4;0.62;0.12;11.8
e48099e76fa645349b51cc79c7a69bdb;6.8;0.41;0.31;10.1
cc6666595c6544d5b823f1e1ca304327;8.6;0.47;0.27;11.2
2f4b7f1740434e888aacd8b205a6d8a5;8.6;0.22;0.36;11.0
a86ef3c6c60c43e390a6bccc31cb3869;9.4;0.24;0.33;10.2
60ba3cc4870340e7b80397f99ad96ce0;8.4;0.67;0.19;9.2
91b4124a46c54f1faf866ac63268a9b5;8.6;0.47;0.27;11.2
6e905b2f9ae84f4880c75c4ff822151f;8.7;0.33;0.38;12.0
9cc03fef5c4c49ec956373bf5d0a1b00;6.6;0.61;0.01;10.5
e7a8c9c168d44f9a8f13550524b25a5a;7.4;0.61;0.01;9.8
db56165aee62412cbcdad06bc4261d45;7.6;0.4;0.29;9.5
df7c23699fa446f3ba7172c971500472;7.4;0.61;0.01;9.8
e1412df7ff8341c2907eca013e4bde04;6.6;0.61;0.01;10.5
3d18fdc876d045f19fe9e659d31a6f36;8.8;0.3;0.38;11.8
886e2459f6244f06b5c1c65e7304b1db;8.8;0.3;0.38;11.8
a15b790b4e334c34a7cf16ca4cd97dd1;12.0;0.63;0.5;10.4
a047c4ad77674c7f8d783b7e41fba339;7.2;0.38;0.38;12.9
2829176b27e846daa8999b4241b070f8;6.2;0.46;0.17;11.4
3e5ea0f234324941abda2545dd591996;9.6;0.33;0.52;12.4
d376801cef3f4abc872730a3fba519ab;9.9;0.27;0.49;12.5
1b93efeca550403cb4a227c1d6598b56;10.1;0.43;0.4;10.0
4540be1e9f9f4f1d998a6fa2f761d5e5;9.8;0.5;0.34;9.7
c660340f762a43ebb21227006bdd3a0f;8.3;0.3;0.49;12.1
1396961b38cf43169de95a169fe928ff;10.2;0.44;0.42;11.1
5e604d818b1043ce8057994e4fed7f47;10.2;0.44;0.58;12.0
d6cd3bc777f647bea9d268b5cadc4aba;8.3;0.28;0.48;12.4
042c13c02fa0441785d1e40276c85245;8.9;0.12;0.45;11.9
70fdb60031254088b81b1e459458b381;8.9;0.12;0.45;11.9
311ee73ef45d4a6a8c8223198eb1b1a0;8.9;0.12;0.45;11.9
c1350c5742474489bf3d8b5ad67b96cf;8.3;0.28;0.48;12.4
cbbb02102a48427db6fc36ddccc7bf06;8.2;0.31;0.4;11.2
b6603edf648c4931a4c9096670abe0bb;10.2;0.34;0.48;12.1
4d127bdf6ae44453b088817310a9da2f;7.6;0.43;0.4;12.2
e5bf738b37524b9e8cbb4d15fffd73b8;8.5;0.21;0.52;10.4
4a1dce60315d47f9908c6df01a224b57;9.0;0.36;0.52;11.3
ea0d039d1c64414595367220448da59f;9.5;0.37;0.52;11.1
390c08f9d8a646b7abb362edfcac1131;6.4;0.57;0.12;11.3
e848b22dc5604d2cbf3013fa825dfd2a;8.0;0.59;0.05;10.0
a90bab32fbf146a195ffec250a3aa036;8.5;0.47;0.27;11.1
f9d4e25d824b44578a20a26e3c46bc86;7.1;0.56;0.14;9.3
cb5fffc18d5145ed950a6a81ffe22b0d;6.6;0.57;0.02;9.5
2b63977167b648beb05ec3e4a6153650;8.8;0.27;0.39;11.2
63a6b7ac0fcd4082bda3f28e205d27a2;8.5;0.47;0.27;11.1
1e97b2b31220441084f380009fd423d9;8.3;0.34;0.4;11.0
0eb5795e52e3493182e2649d59b70be2;9.0;0.38;0.41;11.9
e2a114e91efd4838b8367fcadafc4fe4;8.5;0.66;0.2;9.2
9b77c63b518047288417da2d70996e10;9.0;0.4;0.43;12.2
3fdc8f32897942d7806ef6a2606449d7;6.7;0.56;0.09;10.2
9a90875ed96b4320ba22aad3940f3ebc;10.4;0.26;0.48;10.9
91c7ed6625a246cca361701545b6100b;10.4;0.26;0.48;10.9
0569410995724a269807113086b13de0;10.1;0.38;0.5;11.6
257030b92bc840d28383b0f0b5e3831a;8.5;0.34;0.44;10.7
5a336ed947cb4086931afce163df47b2;8.8;0.33;0.41;12.1
8ad29198b1504e8abdf3bdad42d764dd;7.2;0.41;0.3;9.4
a5be58fe61f7444eb02f08b984653d96;7.2;0.41;0.3;9.4
e7f5badccf464dbaa8f978d9b911b945;8.4;0.59;0.29;9.1
cdfbdc7063a4411ba3255ef8e03c0c3f;7.0;0.4;0.32;11.3
841b0126813a4a969bfbe453a974eb05;12.2;0.45;0.49;10.4
13b9d263aba343878ecf2d2c35bb0968;9.1;0.5;0.3;10.5
ab9aa9607d614fb4b1807739d689bbd5;9.5;0.86;0.26;10.0
584f9801539149ebaf0114d02db0cc7d;7.3;0.52;0.32;12.9
443cfc5d978a4241b8768658582349e3;9.1;0.5;0.3;10.5
461bd11ba521424f857bab60315c986d;12.2;0.45;0.49;10.4
286c0f9d31a240a28bfccee438d419b0;7.4;0.58;0.0;11.3
b72f96ee792447c79e8166c014a68e05;9.8;0.34;0.39;11.4
c285eea61f624cd299c253e28959ddfa;7.1;0.36;0.3;9.4
7e26938c9edf46daa8857ad997589c53;7.7;0.39;0.12;9.4
d5881ab6f55a4c11a3e41ccb170b6dde;9.7;0.295;0.4;10.9
eb3efdfab796428dbec72613cce84400;7.7;0.39;0.12;9.4
5807dcc576ca42b7830db0138de5531e;7.1;0.34;0.28;9.4
f74612fe60a2400a8e328596872a649f;6.5;0.4;0.1;9.4
69c3d9e553c440cba4dd5f591f71caaf;7.1;0.34;0.28;9.4
cfc11281992b45c38d253f77fac56948;10.0;0.35;0.45;9.4
ccc1af3ab44a47509bdf9f5c0d733483;7.7;0.6;0.06;10.1
38ce47da251640c8996148972fb9bbc5;5.6;0.66;0.0;12.8
4e0935fa6f794f71870beb1b3b7d661d;5.6;0.66;0.0;12.8
bda9c1d43a644fbea54880c80ddc9942;8.9;0.84;0.34;9.1
9e2f999d039a4b1886ec2b23ec9bc19a;6.4;0.69;0.0;12.9
ac6ba76cb5c3480c8a265f15bae1786d;7.5;0.43;0.3;11.5
cec816d770764f82aae2239f59832527;9.9;0.35;0.38;10.6
f8948745fd8d495283bcf532e297b120;9.1;0.29;0.33;11.7
df03efa2b56f48deb94b007ea93fe159;6.8;0.36;0.32;12.8
8db7fc5ebb8c40df8225b7eac0ff4296;8.2;0.43;0.29;10.3
b97e3e81d9c04567aed6d9621b6201d0;6.8;0.36;0.32;12.8
2a833ec594664bff93d042f3d779df4b;9.1;0.29;0.33;11.7
dd7bca7a264f4d94afb48766b8bc2b5e;9.1;0.3;0.34;11.7
1dc4c36e46a7469fab2c6d2cb5840f1e;8.9;0.35;0.4;12.0
f003a60214bd4842bcd2e96235e26da0;9.6;0.5;0.36;10.9
af2818ec553c47ca81de28b3395acdd6;8.9;0.28;0.45;12.3
99e99cf7afee4b5aaee619b81f423e45;8.9;0.32;0.31;10.4
abce086b7b0d4559a235c6d76eb2833b;7.7;1.005;0.15;10.0
ef3c6b7c0b524bd2ac7845b555553ea2;7.5;0.71;0.0;10.0
df50eb34301f4ca1be3ff7e7ce50c74e;8.0;0.58;0.16;11.2
cc551abb421f4ff29a9cdb0d1989744d;10.5;0.39;0.46;11.4
6a8398c9318444309839b8c6915d296d;8.9;0.38;0.4;12.6
493782953efd4af4abd9c609b2624c69;8.0;0.18;0.37;12.7
a691d6b968b14b43b128dc7a389df8d1;8.0;0.18;0.37;12.7
7a85f455b5d74c828c61a6c58156fb76;7.0;0.5;0.14;10.4
e51ffcfc079b4ca5a19404e2f63a02bd;11.3;0.36;0.66;11.9
42bf27c294944b1fae2352118fdbbdf3;11.3;0.36;0.66;11.9
a445f5bb7b0340f7a91ce3aa689391f9;7.0;0.51;0.09;10.5
7f585b8ec22046cd8561125cdb0d420a;8.2;0.32;0.42;12.3
b2fc5ece6844476a86cc0d4d8646204b;7.7;0.58;0.01;10.5
fd6cfd65b48f47a2ab18ffc9c564bab1;8.6;0.83;0.0;10.4
f4de8bdd64fc4d56b7d1c13d6851774a;7.9;0.31;0.32;12.6
3a3e9b8e89284e9ab8e69b07e27b8a60;6.4;0.795;0.0;11.6
691dfb5f09ec42d6bc32000bec1d370b;7.2;0.34;0.21;10.1
fb80485ff49e48fcb1dcb68792036738;7.7;0.58;0.01;10.5
0395a135834848b29f9a4b963be9f21f;7.1;0.59;0.0;11.5
5a97bcdd638b42af9a19c6c959ec8598;7.3;0.55;0.01;11.0
c099651699c4490fb5b00a96275360a1;8.1;0.82;0.0;9.6
4f9c82f13d3f450eb93c09e8ddf2a8da;7.5;0.57;0.08;10.4
21cf449f2b49407cb6510900664ced74;8.9;0.745;0.18;9.7
f45710246d2d44998f2eb29a4b0921f9;10.1;0.37;0.34;10.6
d468049c984448e39acf1db22068cfb5;7.6;0.31;0.34;12.5
7e4a71898b5740f9bdc54b77ec03bbb6;7.3;0.91;0.1;9.2
9924872857b74c1d84ca6b3e345972f8;8.7;0.41;0.41;12.6
a06946328f8c410198386692e1f8ce3c;8.9;0.5;0.21;11.1
defb7750d0814dd9a7834182f6973091;7.4;0.965;0.0;10.2
2f6c87051e6845efa6774fb1686d1f33;6.9;0.49;0.19;9.8
716c3e7eb29f47808dc8e46c29916c1d;8.9;0.5;0.21;11.1
b2c46c4cc5474cf386ad2dacd475ad2c;9.5;0.39;0.41;10.9
bba54689fdaf44ddb4da9b5d4b1dd729;6.4;0.39;0.33;12.2
69ba5a578898433a8e2b91732088a7f2;6.9;0.44;0.0;11.4
9ecd9ed4cab44cfeb2eb0721a0d24772;7.6;0.78;0.0;10.7
b402782ae6084ae0b74de4ff625ba24e;7.1;0.43;0.17;10.4
e92b486b3cf64752b7de74bd61b7cb10;9.3;0.49;0.36;10.9
be236132616b41d38600ff885f4ba4ac;9.3;0.5;0.36;10.8
a37e4d7f5d7443cb8502638dd4a8bf00;7.1;0.43;0.17;10.4
3a2cb85a25de4aa9a036c98ec8394ad4;8.5;0.46;0.59;9.2
64266b0d927e4af4877c18fe74134488;5.6;0.605;0.05;12.9
33fcb3cf59c843d884f63e731334c400;8.3;0.33;0.42;12.7
2005ec09e3ab482096ad250aca5f897a;8.2;0.64;0.27;9.1
bc9dd7733c5f490d97950004eb9e55e8;8.2;0.64;0.27;9.1
5317a6f331704e208c9e02d5be6c239c;8.9;0.48;0.53;12.1
fc1fc68698074f098c3b7b8e42c77805;7.6;0.42;0.25;9.1
ae1606f5b0664e74bcefe5843479d1f7;9.9;0.53;0.57;11.6
f89d55cfe9e04648ac3abef52df45180;8.9;0.48;0.53;12.1
a75f54da67ec4f7d81963514afdffe37;11.6;0.23;0.57;9.9
f28bd5d8d8994a29b531732babdfab0a;9.1;0.4;0.5;12.5
e8f5731c6d104fefb628d2cc29c587ff;8.0;0.38;0.44;11.4
19c31dd42ef5412a882483fed0177c8e;10.2;0.29;0.65;11.8
b0b912b7977540b69fd3d8f154ea1792;8.2;0.74;0.09;11.8
b4676ee7ebf24e7ca42344d8297a0ee4;7.7;0.61;0.18;10.2
a00de0fa86374c8fb6b865030668dd35;6.6;0.52;0.08;12.5
7a5c6f72f07e4b4fad3f8c512eff87e5;11.1;0.31;0.53;10.9
e274903e3d544806a1491d7fcd7fa467;11.1;0.31;0.53;10.9
426c14e640f84eea8566706f26b5d8de;8.0;0.62;0.35;10.8
e5814fb5f0e3402788c2ad5818652a1e;9.3;0.33;0.45;11.1
8c784551b204472d96b5c4051b705617;7.5;0.77;0.2;9.2
9df9480cfe7349c5b5ca525d4940e118;7.2;0.35;0.26;9.5
d36cfd724bf24bb0a5f8137392c4e938;8.0;0.62;0.33;10.7
b8d678abc0de4973ae7edaca81bb8e5f;7.5;0.77;0.2;9.2
12fd673e35a7424bbf9dd3f082e8e3c6;9.1;0.25;0.34;10.2
e413ce632c9944e3b10291432e547a3e;9.9;0.32;0.56;11.4
32ae0fa6fbed44888f738f92e1d5fae7;8.6;0.37;0.65;11.0
b3a535676ea64806a6dfd52420eb6524;8.6;0.37;0.65;11.0
c34b210803444368bb71346c998da86a;7.9;0.3;0.68;12.3
668cb8f05fae4665b867687f7b427532;10.3;0.27;0.56;11.8
a1be32a7d4c840b4b9d47b87a5712da0;7.9;0.3;0.68;12.3
e56b4567d49c46d18051df4740d1efa7;7.2;0.38;0.3;9.5
ae1e03268db143858633690e36aa7a7b;8.7;0.42;0.45;12.0
46dbe345785241e48aca81be8e155cb7;7.2;0.38;0.3;9.5
43383fd06f304ea69d51b86fdd176f7e;6.8;0.48;0.08;9.6
d9783df95afc4af9972c97c43486f477;8.5;0.34;0.4;11.6
1234fbed51684ea0a9afc56c191bd38f;7.9;0.19;0.42;11.2
8c2bceb9d4154f6a8e443bdac6581700;11.6;0.41;0.54;9.9
803ea95d509d4918b8e1c1029757d241;11.6;0.41;0.54;9.9
b7661a91c0524c0db8369756db3c7377;10.0;0.26;0.54;11.8
da647d24806e436682e184dc4d7fb298;7.9;0.34;0.42;11.4
43beead5b3e240e19c5db9eb26e8426b;7.0;0.54;0.09;11.5
402c6631ab1944fea2b10b776cb3f5af;9.2;0.31;0.36;12.0
1178e0daaf694e428fdfd3dd28a05a61;6.6;0.725;0.09;10.8
0b1f31e3abf945c68a38b50310350634;9.4;0.4;0.47;10.5
adf2e0a406a5468080270bb160cbac41;6.6;0.725;0.09;10.8
b95e51620a974787ba2ea9a1d0922b1a;8.6;0.52;0.38;9.4
911359074c564e569a332a3d510b8cc6;8.0;0.31;0.45;12.5
c378704d5b1e4d3f914f18daf6682c9a;8.6;0.52;0.38;9.4
3d3b6e9941714b82bc865b95dc65e353;8.4;0.34;0.42;12.4
18170a549a6746bf9e42f7110601460a;7.4;0.49;0.27;12.0
b1063f1470094b369bb2a69efae9c031;6.1;0.48;0.09;11.2
fc72fa1e6aa147b9863382473a23578b;7.4;0.49;0.27;12.0
308976ba94d5458093d03d17920d5b56;8.0;0.48;0.34;12.4
02f8f313a5fb44f38d7287f19f62150b;6.3;0.57;0.28;12.8
242a226fafe14d98bcc3a804096872d2;8.2;0.23;0.42;12.3
0c6950e5ce51442dae4b4c27267cf50e;9.1;0.3;0.41;11.7
ddaf80e4d5c040d39bd255e2af5ed203;8.1;0.78;0.1;9.5
0bc0ea1947fe4b349326bb179057a6d7;10.8;0.47;0.43;10.8
eb64451413324897811de5c729ab3d94;8.3;0.53;0.0;10.0
d10daf17bb57482cb1c522b5cd59f889;5.4;0.42;0.27;12.3
3d5edc88a6244bcc8c50d06900d261df;7.9;0.33;0.41;11.0
edc0338f8937409680d8bf6caf773e4b;8.9;0.24;0.39;9.5
736f68c31ce940fe949a685ae8e991dd;5.0;0.4;0.5;13.6
4ad56c4f7cbc48bda5b538e0df7c3fc1;7.0;0.69;0.07;11.3
5d3517f5da5b4faf87246f00d922a60d;7.0;0.69;0.07;11.3
5e9ef67eaa784bf6b6664210203579b3;7.0;0.69;0.07;11.3
a82230aca6c14eb8b1938c7ce7251aca;7.1;0.39;0.12;13.3
c94b4aba628e4bc68f0cd6e8365ef34a;5.6;0.66;0.0;12.9
dfd55112eeee486d97f091683a6c2eef;7.9;0.54;0.34;13.1
48359e9b2e30404bb6da40ec34737a09;6.6;0.5;0.0;12.3
a697d243925a4d659b014c88a1688bf6;6.3;0.47;0.0;12.3
a7ecc27466554f4fa015c1b2493a9fad;10.7;0.4;0.37;11.2
b946f40df9ff43298884d73459b800bd;6.5;0.58;0.0;11.5
29f7b46ba5a64b1da78e778560481db2;8.8;0.24;0.35;11.3
8ee18e7cd8da4c789c92ce7902f5fd4d;5.8;0.29;0.26;13.5
6fe996ee4cf64380844af91b34aec6f7;6.3;0.76;0.0;11.5
babf0303bef8440da4987d2384e6f517;10.0;0.43;0.33;10.0
ba39b753af2c4142b5870eab00de4c53;10.5;0.43;0.35;10.5
40a668321eb44afcb2522ea0ce44aeff;9.1;0.6;0.0;10.4
669aac8838c64a1cb5596685c359e5f5;5.9;0.19;0.21;9.5
109b7e6bd1044d709926d14c798e33f1;7.4;0.36;0.34;13.6
19ee25877a1741849d10a20d9f34dba9;7.2;0.48;0.07;11.2
ef66f01e6d9340c895fc68e2bb803221;8.5;0.28;0.35;11.8
e7b9cdd99f214e7f88e9a76fc8753d7a;8.0;0.25;0.43;11.9
a22f52e0427c4ed9906936f314d03aaa;10.4;0.52;0.45;11.4
a515b605d5ce4f50b32c6185abd21342;10.4;0.52;0.45;11.4
5df35c4aaecc45fc913f4a67831e1a9b;7.5;0.41;0.15;9.1
725ee3252db849af9f3403966a7c590c;8.2;0.51;0.24;9.5
e9f45eec2cdf4efeb71d8d222f11ae72;7.3;0.4;0.3;9.5
a2fd31bef90b4277be4cdf3d70c0d65b;8.2;0.38;0.32;11.0
eab4615066dd4905a22a654637138a4d;6.9;0.45;0.11;11.4
c0d7ca7599db4fdfa23136a83269b4d0;7.0;0.22;0.3;10.0
675e7ff8e13f4ce4ad68f4a43307b4f9;7.3;0.32;0.23;10.1
930f2cbd86564000a89bfeb082911a79;8.2;0.2;0.43;10.4
c688d86bdf9f4b858dfcf4aa00b5a0e7;7.8;0.5;0.12;9.8
bf1e3923483747dfa8eeb47dc52743d3;10.0;0.41;0.45;11.8
3be267145c5242238081a087571a6040;7.8;0.39;0.42;11.6
eb40a9df06ad438f8e4ffcf58b5dd56f;10.0;0.35;0.47;12.0
9fcf552fb2f74d269d3dc605c250537d;8.2;0.33;0.32;12.8
8bd1848d046346cea313b84e45c40f7b;6.1;0.58;0.23;12.5
f507e46d96ad471cbbbafbb9fa200c47;8.3;0.6;0.25;9.8
8d4b2a79e53a4620b0a2201841e3c4b2;9.6;0.42;0.35;11.1
854004582ced43518c5999ea01ee1ea4;6.6;0.58;0.0;11.4
ac86156120414930b3861179d15447b9;8.3;0.6;0.25;9.8
6e1f14ea304f499ca4ed57993a0c4cb7;8.5;0.18;0.51;11.8
592c6cc6f7be4852bf19702c2959fa31;5.1;0.51;0.18;12.9
23ddf05d556942398a1727d886591afe;6.7;0.41;0.43;10.6
1f485db4de1a439099d74cffaec9d6e2;10.2;0.41;0.43;10.8
9cd8a7e290744231b9111f0f7546e2b8;10.6;0.36;0.57;11.1
f7e66a90d59445e2a1b32ad8f1822895;8.8;0.45;0.43;10.2
a9f05e7e1d124b5b8f2202bbaa0b1f63;8.5;0.32;0.42;11.8
a9d7973206d44fe4882d8880fe423837;9.0;0.785;0.24;10.0
21dc77bdeb4e4e6e911f238776c7c606;9.0;0.785;0.24;10.0
2a58201ff2f941a98582bb2466b7987f;8.5;0.44;0.5;9.4
bc004437eb224e60a7337f6e2ce29813;9.9;0.54;0.26;10.2
2e9894ada4e645d6bba476c934c4fd31;8.2;0.33;0.39;12.4
c7bc731c16d34131baa60a630218170f;6.5;0.34;0.27;12.0
ccc24af661ff48eaad5ad7492bdea09a;7.6;0.5;0.29;11.5
ab9bc10709c844d6ae1e9b5d72543c86;9.2;0.36;0.34;10.5
e26964b91b854848bad9fd750a5b68fd;7.1;0.59;0.0;10.8
3396e5ee175741379c8d518b1afc3f4d;9.7;0.42;0.46;12.3
b9cca148d285499abe6c43e8658e6426;7.6;0.36;0.31;9.5
b88dbf69f1c04641b77eaaa83b0c0969;7.6;0.36;0.31;9.5
258bc3cc14424672af4cac1f1757a2b8;6.5;0.61;0.0;11.5
5395e0836d864f4288906e2e8679db90;6.5;0.88;0.03;11.2
12a07debe2744d8eae5ea86a441ee614;7.1;0.66;0.0;12.7
a5911778eb1943ff9163b0ae04464c8b;5.6;0.915;0.0;11.4
21796639cf784def8231d5fae414194c;8.2;0.35;0.33;11.0
2956a7c8b7a3455ab7c2415e3681614c;8.2;0.35;0.33;11.0
2d595b88a3084994bf5097f359cc5333;9.8;0.39;0.43;11.4
5b25cfa838fa4834a82b23320ab8a129;10.2;0.4;0.4;10.5
80818f77d0c3495a9c754274424df3a3;6.8;0.66;0.07;9.3
bcc7be6f3c234c6fa5396445ebeae98c;6.7;0.64;0.23;10.9
dda62ae8f88d44d8815822863f899668;7.0;0.43;0.3;11.9
d94d04b87ff042fbac9f6f302c0fa814;6.6;0.8;0.03;12.2
c64f500558be453c81055385baca49af;7.0;0.43;0.3;11.9
8fee33ea20e24952b13089709f629dc1;6.7;0.64;0.23;10.9
a2ceecfd0c9242c981456eced30b824d;8.8;0.955;0.05;9.6
34cf90ca3a5d462f81418b62e08f7eeb;9.1;0.4;0.57;12.5
8d6a37b8773544a1bcfbc1c9892afc1a;6.5;0.885;0.0;10.8
5109355db5a14af6847beb3157f36103;7.2;0.25;0.37;12.4
43d8861a971547f183706890840b3136;6.4;0.885;0.0;10.8
77b6188c33394f78b789c0a665bbcf78;7.0;0.745;0.12;9.5
8b00e61ea8234170b69534e41c22358d;6.2;0.43;0.22;9.5
e7bb2a8fa9044064b1cb741f3726c71c;7.9;0.58;0.23;9.5
330183566dd74deb824a2edd5892dd7d;7.7;0.57;0.21;9.8
6dc80bcce8fa47c9ad633cb31c7505a1;7.7;0.26;0.26;10.9
d27560a2a3b94afea503e512a90aa555;7.9;0.58;0.23;9.5
7ba24f40edcc4e57af8440d7f56a1c7c;7.7;0.57;0.21;9.8
12df66e598354932bab0585477e56366;7.9;0.34;0.36;11.2
536dec0630de49d2b2f65fd77132efa6;8.6;0.42;0.39;11.7
05be65cfdb3a41558a12b25deac46fb9;9.9;0.74;0.19;9.4
d94e6e62d13442748acef38da74a004b;7.2;0.36;0.46;11.0
8a4dfb41a8864c26b3dbb06c1b66fc3f;7.2;0.36;0.46;11.0
c01b181564144df8b2fd0c9fe58cd608;7.2;0.36;0.46;11.0
3fa098b8fbc74130beef59f4e4a95141;9.9;0.72;0.55;10.0
b4f01958bbb14ba8905e21e15b45015c;7.2;0.36;0.46;11.0
2862522506aa401d8978b342a572376a;6.2;0.39;0.43;11.2
0ed47b45b57443d3bb39c7c6cb09ce88;6.8;0.65;0.02;10.4
124825d4b73d4a558c3e931b8a0d8b34;6.6;0.44;0.15;9.3
6d9234cad4f74c78b985f5f975593aad;6.8;0.65;0.02;10.4
661cd66d38ab449e80d144ced2d9cc71;9.6;0.38;0.42;10.5
c9e582321a294274985b92885cd55ee1;10.2;0.33;0.46;10.4
8bfdea863695438f816aa0d03c951e4a;8.8;0.27;0.46;11.3
ced328f9aa8143c99279089863c1d670;7.9;0.57;0.31;9.5
b51437974ee34e71bb2cf7d5ba35c57d;8.2;0.34;0.37;12.0
0fb5d37eaa254b9e88e02216d71a7262;8.2;0.4;0.31;10.6
db4298a7247448cfb881b9ae2d6eb3c7;9.0;0.39;0.4;10.9
03bcb23bce304d17a56796d6b38d0591;10.9;0.32;0.52;11.5
2460fe2f49144d3f8f0a3b7c19f1f266;10.9;0.32;0.52;11.5
8e83f0bc346e4ff3afa6156a292ed790;8.1;0.53;0.22;9.6
94fcbf7e20c743339c99163b764f2b8a;10.5;0.36;0.47;12.0
864fa722349e4ee1b587ccdd342ab854;12.6;0.39;0.49;10.3
f108a0853e66472fb78e85b118c52d0c;9.2;0.46;0.23;9.4
5970a739258842a583975a0a7a272faf;7.5;0.58;0.03;9.2
1eaa57df50a24c348aaa10c6f0f4affa;9.0;0.58;0.25;9.6
2685244aa08145c3ab99054d3d73c207;5.1;0.42;0.0;13.6
8e2a5aee1738493da3c7633e0b175231;7.6;0.43;0.29;9.5
df1e68bb541141d5b5af3ff6cee3b4e2;7.7;0.18;0.34;11.8
2ba1e1e2fc0c447c94b1b31c4d08b8f7;7.8;0.815;0.01;10.8
b94e07ea33774433afc43a32e63d644c;7.6;0.43;0.29;9.5
e11467a1e4b74d7d98bbc29ddd979de7;10.2;0.23;0.37;9.3
e569251face24844954cd980e4c5f31f;7.1;0.75;0.01;12.8
ea9c6e5ace76491da8c1bbaf4ca0a4c3;6.0;0.33;0.32;11.5
539242d4e30542298c46af43c0514ce8;7.8;0.55;0.0;9.4
86c33a3186754cc19ccfd04abaab6494;7.1;0.75;0.01;12.8
4fe5692be5104c8fbc9f9b55a4cbe35b;8.1;0.73;0.0;9.6
84230151d4dd42ef8184dec931daa2d4;6.5;0.67;0.0;11.8
6c124f560b264eddaf46eccb17ac8584;7.5;0.61;0.2;9.3
1c670eb824da4f4e9d95dae3c6979a7a;9.8;0.37;0.39;9.8
02e9f9f88c8a48cbacedc5d126e04e2a;9.0;0.4;0.41;12.2
5197bca79f9745a4b61882c2fc37d1de;8.3;0.56;0.22;9.5
69c2bb8994cd4ef3986287f686571ecf;5.9;0.29;0.25;10.3
c401441343544e0187c909bb2f67a295;7.4;0.55;0.19;10.5
ca838ff6acae419a95d685c19223524d;7.4;0.74;0.07;10.0
d91f4307afeb4fd8aea1441c35b2fef6;7.4;0.55;0.19;10.5
4caadce547164a049efc8bb08f75740d;6.9;0.41;0.33;11.1
dcffb2a0670941dc93538086fe0a377d;7.1;0.6;0.01;10.9
78cd4acb26ff415ea3804cb182c97171;7.1;0.6;0.01;10.9
24e4d9e38620402d9faf7609da202836;7.5;0.58;0.14;9.8
7da4905a2a3d4c279d857a1e41bb6154;7.1;0.72;0.0;9.8
faf3862d0dee42178dc21e74d01a9e10;7.9;0.66;0.0;9.5
57fb4e0853014cf0b7aa0e35b52ecd4d;7.8;0.7;0.06;10.9
cba71fb131064e5190bc7e045a6c9b28;6.1;0.64;0.02;11.0
0340297781524a0a916ee0ec76e1f327;7.5;0.59;0.22;9.2
b152d68431174df8b4efb76645ba2b97;7.0;0.58;0.28;11.0
553237fd625447059c60c266b89d9060;6.8;0.64;0.0;11.3
13b01b671c6a4bfabbaf6b49c6f9eabb;6.8;0.64;0.0;11.3
8532dcfd82fe41f0809ea12698fc5bbf;8.6;0.635;0.68;9.3
b782db7bedcf4f258f2d08bcda588ec9;6.3;1.02;0.0;11.2
db87fe9cc07d4f889594d855c6e812dd;9.8;0.45;0.38;9.8
270e31b0a1034768948b2ff454dd0e96;8.2;0.78;0.0;9.6
fa12cade0306495abd676d6e62019add;8.5;0.37;0.32;11.8
c6d40955cf2d4af89dfc63fb1f1ba9d0;7.2;0.57;0.05;10.3
df49cbca23d34e33b02e4cd227ba9682;7.2;0.57;0.05;10.3
2b27889eb94e414e806173f479f4b4e0;10.4;0.43;0.5;11.4
4d62ada7ace4436fbbf1c2b94ef8774d;6.9;0.41;0.31;9.5
5fe7c993abe348c995016c25af3c9905;5.5;0.49;0.03;14.0
e3387db565cd4fc68d2b46474918ca66;5.0;0.38;0.01;14.0
8f20dadf58854277a017a0438ad260c9;7.3;0.44;0.2;11.7
9de1ac1fd8b54a679dd2a6fa476749da;5.9;0.46;0.0;11.2
f5595b812b4f4d1681465f3090a66757;7.5;0.58;0.2;9.3
6df7a80479de49d88f1a36b76bb09a8c;7.8;0.58;0.13;11.2
710dbec1841448f3a2d42a626c95284d;8.0;0.715;0.22;9.5
717bc3503d0c4df8b509c0e2977066b6;8.5;0.4;0.4;12.0
2c42008e26b34b628a2f82d069a28a57;7.0;0.69;0.0;9.7
7081c8c4a1604413885b893d8a598eac;8.0;0.715;0.22;9.5
3fad5a5b99014136adcfddf61fa6ca7c;9.8;0.3;0.39;11.5
be0fb57047104024858d965bf9513380;7.1;0.46;0.2;10.4
97e8560738f5494985d055e3d1acf45e;7.1;0.46;0.2;10.4
ac5d6c6006db4fc5ad9ea8484596bd0f;7.9;0.765;0.0;10.9
e52928e1cada47dba21008f9922331c4;8.7;0.63;0.28;10.2
e07dd922767b447284a7d5af71e698c9;7.0;0.42;0.19;10.9
f96a33fa64bc4c89961fa68fc011da7c;11.3;0.37;0.5;10.5
569cde127e604934a94d2e0475ac9b60;7.1;0.16;0.44;12.4
0f8a71712dbd4243b21d67e9af803d43;8.0;0.6;0.08;13.0
3a92739a8cdf4947910ba7403bc41ca4;7.0;0.6;0.3;10.2
36d7082965f743469d777067c273a050;7.0;0.6;0.3;10.2
70c81f52241a4721a0d4a03482353521;7.6;0.74;0.0;11.0
98619708380d4d5487adf3f60e7c6e5e;8.2;0.635;0.1;10.9
6ee7b08940c649f9a517206229bce5df;5.9;0.395;0.13;12.4
14bcf8b63a00406992de74b1bbac4cdf;7.5;0.755;0.0;9.7
4e9394dc95ff4854a82ac49be15ae3ae;8.2;0.635;0.1;10.9
90fc37c8a2e741d9b16c3034f1c59ee6;6.6;0.63;0.0;9.5
852babd05bf5409abaa71221a514ab37;6.6;0.63;0.0;9.5
e26e5d7147a040c99d4b94e2f5f28562;7.2;0.53;0.14;12.1
63d37d18c55f43f2aeed0fa5340557a3;5.7;0.6;0.0;12.2
53d541c51a444ce49127dd12146122ff;7.6;1.58;0.0;10.9
04f2e7835fe64dd3a03bfcc390d8c185;5.2;0.645;0.0;12.5
cb3c34bd0c5b40dba0c8c4ffc62e82c6;6.7;0.86;0.07;11.7
71a71670835a46d08d64b29a3db7ad2f;9.1;0.37;0.32;11.2
d8bda50b2b2642e09fa73bad010e6bf1;8.0;0.28;0.44;11.2
b686574a54bc483aad40fb09b92f12d3;7.6;0.79;0.21;9.2
6ff06fc523d44fc88ec4b04334d67f49;7.5;0.61;0.26;9.8
fa17f63bfc8642fd9062cdeae140d92c;9.7;0.69;0.32;10.1
e28f7ae876aa4b9eafe4b982235804bf;6.8;0.68;0.09;11.1
820ffe1db88e4b47925420c38f98cfde;9.7;0.69;0.32;10.1
c6c353b283204693aa5c513a70fd4d5d;7.0;0.62;0.1;9.2
d8e4ef70434345289d75ce6d0bd28ad6;7.5;0.61;0.26;9.8
b036e352d313430592e52869c44bbe41;6.5;0.51;0.15;12.8
f77127ae43f54bb5ade4760ec0990d9b;8.0;1.18;0.21;10.5
41d27f41228e4a82b472476b67d5c277;7.0;0.36;0.21;10.1
2e537d16301846caaf6d166a92e480fd;7.0;0.36;0.21;10.1
783bd7a7458d43e0becf97ef0c2cca90;7.5;0.63;0.27;9.8
e543f2c2bcd545639e5f1b24461ee2d4;5.4;0.74;0.0;12.5
33dac2eb7d414b8fa1b2e73f58d55caf;9.9;0.44;0.46;11.9
68d57bc8a9a2421fa462015df6b7e99d;7.5;0.63;0.27;9.8
f676312c4cad42f29cbd100a1d0aa661;9.1;0.76;0.68;9.1
e3bb8a186d0040bf9071ea2bd24e288f;9.7;0.66;0.34;10.1
42759e81d4be46598d881abaede9405b;5.0;0.74;0.0;12.5
726befb272a6431aa569ce9e2aa47ed1;9.1;0.34;0.42;11.4
5fa35b75ae4a4dbc8fdb6990ba6d46e8;9.1;0.36;0.39;11.0
5c4a77b1a2b14351bd7206f68f7074a3;6.7;0.46;0.24;10.6
04f7c567b53b40e09fabffc3df460738;6.7;0.46;0.24;10.6
c3c068e751084189a5d45c7332c2b206;6.7;0.46;0.24;10.6
5ed919891f1f45f99a0ffeae61b020b8;6.7;0.46;0.24;10.6
0d4cdc437dce40dab1c56965b4b76a2a;6.5;0.52;0.11;9.3
c76c7379ce2e4ca6a2eac0b30a30cabf;7.4;0.6;0.26;9.8
e5e26307102548b69d40ceb6d276e562;7.4;0.6;0.26;9.8
87300d363ad04c8da5b793955256c352;7.8;0.87;0.26;9.2
cf3981d15cbf47cea9487cd9adb0e01d;8.4;0.39;0.1;9.7
6bd8502c79044cbcbd9d881692d82585;9.1;0.775;0.22;9.6
5a72e36a1b54442babb6cd3fa14c0833;7.2;0.835;0.0;10.0
169c4a79e314445c887adbb17606878a;6.6;0.58;0.02;12.6
fa2c42b3d5eb4dab931196d94047dfd2;6.0;0.5;0.0;9.5
40853d9e67e4480abab94c660a7939de;6.0;0.5;0.0;9.5
0506c3328d6d4c398ff2402baa1f6de0;6.0;0.5;0.0;9.5
82123d60118840baac8ba4c49a0c9b76;7.5;0.51;0.02;10.5
a1bc081e8bb448a192602d78a6b6af84;7.5;0.51;0.02;10.5
a1e96f2ffc1d4ab79999d3e37900d930;7.5;0.51;0.02;10.5
f1e0da7da94d437fbb199ba4cf612b55;7.6;0.54;0.02;10.4
2b16a73371b243f582861964bb9c3fc2;7.5;0.51;0.02;10.5
eaed5a08157a4a3e928673200c2be565;11.5;0.42;0.48;11.0
7e149d06e2734e8dab60bcd58a51d4fa;8.2;0.44;0.24;10.2
9a7b8b6e13bf4dbe8d9d617ca0c08a75;6.1;0.59;0.01;11.4
8de4a9cca2a24f39acbeb2c8f0f4a4ee;7.2;0.655;0.03;9.5
e3327aa9d09844beb22b19a56b0fab31;7.2;0.655;0.03;9.5
85672c8c3b38467393856a30ee5f7930;6.9;0.57;0.0;10.8
9b557d77b3174cc7a7e8fef1f4f2e19a;9.0;0.6;0.29;10.0
c4e409fc0dbf47c0a776fe2ea844cfb9;7.2;0.62;0.01;11.8
b6a9716b757a491586e62667d8d536de;7.6;0.645;0.03;10.3
ab54a91a603d4f2e9b0fb934a019e5b8;7.6;0.645;0.03;10.3
dae66817d9fc40cca2bc80ef8813ab64;7.2;0.58;0.03;10.0
f8c4515b95674fb4bf7be29c25d76fc1;6.1;0.32;0.25;10.1
08ed6f9a99fe4398a8c289acf46e4da7;6.1;0.34;0.25;10.1
08e7078ee78b49ea8a639a3f22839d4d;7.3;0.43;0.24;11.1
c20fdd811fe146f392fa46f6dbf160b9;7.4;0.64;0.17;9.5
3b84cc56fa2b4c3fafa906ddcc428a64;11.6;0.475;0.4;10.0333333333333
b1ade377988e4a9b80b52a13a79792a5;9.2;0.54;0.31;10.9
abcaef16350e4375aa8ac05efb06ba0f;8.3;0.85;0.14;10.1
0e17bd00b5234eab947a92d7849e25ca;11.6;0.475;0.4;10.0333333333333
1ece888a8399471aa11a8792adb80a19;8.0;0.83;0.27;9.8
1b7a0935adf8412781272ee7bc485e16;7.2;0.605;0.02;11.8
12cb1e0c58f64b7297984d948c7718c7;7.8;0.5;0.09;9.5
0d770b1660ef4a3990b72362dc12b319;7.3;0.74;0.08;9.8
b8a7fc6c811341cdad7d869905edcff1;6.9;0.54;0.3;10.5
c2228286316a4f2bb85b0216284667fa;8.0;0.77;0.32;9.8
5953050a55e142a0bfdc2f6fa73626e5;6.6;0.61;0.0;10.4
f100019525c1454baabed477a20603d9;8.7;0.78;0.51;9.2
caee92cbf7ad4436beb0f8bfd6fa1438;7.5;0.58;0.56;11.6
a2639f345fe242c899d7e2a353f5e8a8;8.7;0.78;0.51;9.2
154bf4bec35d49d29c469a619663b4b5;7.7;0.75;0.27;9.3
433326de63544fa7a4a75bb2ca42f7cb;6.8;0.815;0.0;9.8
c002f17cebcd428cbbb5897b08066203;7.2;0.56;0.26;9.9
e136b8b677ac4e72b8926274a4f71d13;8.2;0.885;0.2;10.0
21dbfb41c11347eb8b810e00763b6e9e;5.2;0.49;0.26;12.2
a1cba50cdcee45439ae518a6cfe731da;7.2;0.45;0.15;9.9
3d48007869b84a47b2a54376b0fe2713;7.5;0.57;0.02;10.8
4c6de79e5b91405eba52732cfeaf8083;7.5;0.57;0.02;10.8
85143215cfe84a258c6dbfee91e1654a;6.8;0.83;0.09;9.6
eb6880e026f947b8a68f5a2d88099410;8.0;0.6;0.22;9.9
84cb21f57a344d41a79f0459d70696fa;8.0;0.6;0.22;9.9
5a8a93083f594eae802bda7ce3a594cd;7.1;0.755;0.15;9.5
b81697fe5b284124b32756c5ce224004;8.0;0.81;0.25;9.2
dd34c99560034009bc33bfebb85ff896;7.4;0.64;0.07;9.6
afb521556b444e36899709abed95d96e;7.4;0.64;0.07;9.6
186bd677c68f45afa6604091e3596758;6.6;0.64;0.31;10.3
ddc24bcf197f4be789f19a43fee7662f;6.7;0.48;0.02;9.7
622dff506be44282bfebb5aad947e154;6.0;0.49;0.0;12.5
df44e0a02d2140a8bc960ea59ea8b4a3;8.0;0.64;0.22;11.0
50eaf7aef35e4bc69706c0a69d342755;7.1;0.62;0.06;9.8
cca19c54210d4ae09e0fbcf88eae563d;8.0;0.52;0.25;10.2
4f71da6022884ec780e567b219d3de96;6.4;0.57;0.14;9.2
88d05f0d07fc4e7abca2a2b3cd267064;8.6;0.685;0.1;9.55
58e76cbce49f4542923f29011de863d6;8.7;0.675;0.1;9.55
99b5e30ff0624780ab946ff445b83d48;7.3;0.59;0.26;9.9
b7ad8c03e6d04a03964db597ccfd28b6;7.0;0.6;0.12;10.2
4d832019c7d64196a25f5cfc7c055d29;7.2;0.67;0.0;11.1
020372cf26af4903a8334e336d2a79aa;7.9;0.69;0.21;9.9
55804c1aa78a4772a6854ceab4dd0f02;7.9;0.69;0.21;9.9
5d08a7bf6e6d4f8bbd9809e5b5a3b149;7.6;0.3;0.42;11.9
3cfccec8ed094b13af780bc48d9099ca;7.2;0.33;0.33;10.0
20454bbbefe54b56a5cc26b322a2892d;8.0;0.5;0.39;10.7
3aa494a7fe2c45beb0a3ffc1dcbb93ba;7.7;0.28;0.3;11.3
6b919b5551bc42ae8e8522346ff1951b;8.2;0.24;0.34;10.9
36e9b6047c9a4a01960e5ab37bdc8c7b;6.0;0.51;0.0;10.7
d767f45a065443079324de349dcffa58;8.1;0.29;0.36;12.4
a3a1a631f6e94bceb93bd8d9c0313a71;6.0;0.51;0.0;10.7
b622a95970e5459ab7bd956611827a1e;6.6;0.96;0.0;11.9
998dab2609a34d1eb71e80bf31f3a57e;6.4;0.47;0.4;10.6
1a50a549f79241868f84f4ef8fcf408f;8.2;0.24;0.34;10.9
d719839c91ad4c9195173a2859b6ce1c;9.9;0.57;0.25;10.1
bb0ec7741c2b483b824edefff7325ad2;10.0;0.32;0.59;9.6
6f8cadd650bc41339ca3158ae4b164ac;6.2;0.58;0.0;9.4
a0c0e87207314f1babc54d74b38f69fd;10.0;0.32;0.59;9.6
08db58704dcb4259b36ccf05c567ec54;7.3;0.34;0.33;12.1
6b08f7aa93474f159efc420068ce2c79;7.8;0.53;0.01;9.8
005b0e6bd9bf4295b4eb9c5cefb8a0f7;7.7;0.64;0.21;9.9
e0c0c22772184f6a96911980c89dbaca;7.8;0.53;0.01;9.8
27d2a2811af1450d9f867926ce29ed66;7.5;0.4;0.18;9.4
2b81de5bd8ed4aedadc03fa78b2c0593;7.0;0.54;0.0;11.4
ee99c85d2fd54cbd8132c5922a58301e;6.4;0.53;0.09;11.0
1f7a20817f004944abf4fbf1c3efd580;8.3;0.26;0.37;9.6
c9f95b4389c942c7bb98b2ce29b5a31c;8.3;0.26;0.37;9.6
93ac06323fbe4368a3b9225cd864e894;7.7;0.23;0.37;12.1
da7509bf660844c98278f005da9d7c95;7.6;0.41;0.33;11.2
294f011cb3274caab971b02b02130db7;7.8;0.64;0.0;11.0
2a798754901c46aab1298f995b7adb16;7.9;0.18;0.4;11.3
ee7c43293daf4c43a112031b6cc57c0e;7.4;0.41;0.24;10.4
d8662f020ef24404a20e9da0ff0d2618;7.6;0.43;0.31;9.9
23fbd882769a44629522d33619e6f77b;5.9;0.44;0.0;11.7
816132f50b85450ebda1e0423f240669;6.1;0.4;0.16;10.1
6e076ec616e8460599db592796f4dcc1;10.2;0.54;0.37;9.0
341ebc5742fe4357be30c5317b17afab;10.2;0.54;0.37;9.0
c994384767414f9c91c219e62311713e;10.0;0.38;0.38;8.5
0880bd57ed554610997baf31e1855b48;6.8;0.915;0.29;11.1
af614652fb9841f0b6abcb5b2e4f2bef;7.0;0.59;0.0;10.3
d7e3bffbe25d4374949254d27b4963cf;7.3;0.67;0.02;11.0666666666667
4427e8b3bbc44a16959ede5318dd1800;7.2;0.37;0.32;11.3
fa68bb725f9a45288ac8d99076b98b6f;7.4;0.785;0.19;9.56666666666667
cc14c507a89743f58e18764d26270974;6.9;0.63;0.02;9.8
57d80731cc0544f58c47ca013a19b1e2;6.9;0.58;0.2;11.7
4863dbe431ce440095f7374ac878d66d;7.3;0.67;0.02;11.1
90d992dc02f24413ac7d688fee209b9c;7.4;0.785;0.19;9.6
b908cfba2b334873811fba6f71ccc3d5;6.9;0.63;0.02;9.8
e91b81120cc342258458e174e61ba084;6.8;0.67;0.0;9.7
8d722ded19354e8bae02a165add37f0b;6.9;0.58;0.01;9.7
aaf04912be784e23869293995340dbd5;7.2;0.38;0.31;11.3
10ce4463e150490c9b5e26c56fe07183;7.2;0.37;0.32;11.3
0ce9124603f44fc988bea4a8c30ab863;7.8;0.32;0.44;11.0
f3fc586b750548df87ba4141c784c87d;6.6;0.58;0.02;11.6
f1426ee273ad43ee98a3eaf502faad08;7.6;0.49;0.33;9.0
911b7e5055d84c3f85779d0c3cdf3a39;11.7;0.45;0.63;10.9
d4688ee2897342128381f366f508bff8;6.5;0.9;0.0;10.9
23066dad7be0420c9ddaed5c12e33d30;6.0;0.54;0.06;10.55
2b93be97b4074861a927514997ec1e81;7.6;0.49;0.33;9.0
fe63bb770d8c462f843a96e1df3ca3ca;8.4;0.29;0.4;10.5
a4b183b84beb482bbb752c626a8b503a;7.9;0.2;0.35;11.9
d41df8bee1864541a0ac4f2af39d5f03;6.4;0.42;0.09;10.4
1784eb80b02948ac9c555516611cb0d0;6.2;0.785;0.0;10.0
d8d0df288a3a49d4bf780acfc4156c1e;6.8;0.64;0.03;10.4
4fed5ea33b264786aadabed587472d19;6.9;0.63;0.01;10.8
6e7ecdbb35ae468b9eae5ddfb711919c;6.8;0.59;0.1;9.7
b58cd4f36a5a44c199fedac34ef40f6a;6.8;0.59;0.1;9.7
b457bb2ddcf64717b77a15b1493fce1b;7.3;0.48;0.32;10.0
3ecbe1085ee4420db0beabaede76f417;6.7;1.04;0.08;11.0
724ba03ae8ec4bef98bded2309df4a90;7.3;0.48;0.32;10.0
1612fafda41e4a62bf796cc6a3f32356;7.3;0.98;0.05;9.7
9161731e66f94cfea8bd828599337e95;10.0;0.69;0.11;9.7
7c7108c5e9b54a4eaa1d1038f141c5b7;6.7;0.7;0.08;12.6
b1db6ac0c5014637a32f59e1378e9e91;7.6;0.35;0.6;11.1
e360b874f88749728271251881216f42;6.1;0.6;0.08;11.0
17afc13c18ed419ba9c0fce469b058be;9.9;0.5;0.5;8.8
4dbd5e0e86704e23a8cde7d92248a913;5.3;0.47;0.11;13.5666666666667
29480783ea404fc28b7f03a0b79aa5f6;9.9;0.5;0.5;8.8
6bac3b8a30684565904678134f172e7b;5.3;0.47;0.11;13.6
d1410bdbd78f4f74ba505fb0b3778ec9;7.1;0.875;0.05;10.2
958c73f638934f0398157394529f7d55;8.2;0.28;0.6;10.6
a7c58ee24db649caa6ea0268fe358254;5.6;0.62;0.03;10.1
1559d071741449bbb556af2bacfd7b8e;8.2;0.28;0.6;10.6
4712803ed14743d68eeaa41feba33e92;7.2;0.58;0.54;10.3
b06893dea00245a1a66c21db8d92f348;8.1;0.33;0.44;10.7
e82c13a286cd41d9a4a97b6ebed09597;6.8;0.91;0.06;10.9
02dcdc87763f4c10874324acb70721dd;7.0;0.655;0.16;9.7
66ba04245c804490a0372b595416c5af;6.8;0.68;0.21;10.3
ebb2401c5864488da7eb7c450b226934;6.0;0.64;0.05;10.6
1aa5601871b148708e33f0229a05330c;5.6;0.54;0.04;11.4
1c0d64fc85c4413696ef5e4d85d5143c;6.2;0.57;0.1;10.8
695261eb8c9545da930778618761f548;7.1;0.22;0.49;12.4
e93b308ea646448799c39a93275eeec0;5.6;0.54;0.04;11.4
6a0147ac4d374072a99b071cfd07b68a;6.2;0.65;0.06;11.95
fd3d17403200490380a31f3d0254a651;7.7;0.54;0.26;9.7
fe76aaae57ea4339abdbd63db1c2ef76;6.4;0.31;0.09;10.0
d37fa12372a4419fb891baf533388f0e;7.0;0.43;0.02;10.6
05230ccba4f34356b15225a4fb7091cc;7.7;0.54;0.26;9.7
f60148b53ff045c2b76b6a34d5a81670;6.9;0.74;0.03;11.5
c6b856f5e6c1409fbbe665165f37cd61;6.6;0.895;0.04;10.8
5b8e9e969a864fdd9d69e40a52b85d6a;6.9;0.74;0.03;11.5
f168ad45f6464216a2474bf680932882;7.5;0.725;0.04;9.6
a4c459ca247f4897aebd067df7b35929;7.8;0.82;0.29;9.4
6419675928e34feba3569665d752bc99;7.3;0.585;0.18;9.8
bec5aaf4c12746d8b46496627eed02d7;6.2;0.44;0.39;11.0
fefd4abaca4944559723f8224fec4164;7.5;0.38;0.57;11.4
8cf2032fbf03486bbe25cb3f1ae1eb70;6.7;0.76;0.02;9.95
e620d65064954d78ac469f74a59d9830;6.8;0.81;0.05;10.8
d564e6ff29a14421bfc7c6e4d32d900f;7.5;0.38;0.57;11.4
4580f29e47034fa89401fbce6475a5c8;7.1;0.27;0.6;10.6
8b7b3018d6da43d2b536f76091e7e5e9;7.9;0.18;0.4;11.1
8fcdd5db98004d2a9162eeda4bb41862;6.4;0.36;0.21;9.7
8c19ddf482f642d29fd7180e943f819c;7.1;0.69;0.04;9.8
67f18bd5693f469bb2ae4ec37a48d7b6;6.4;0.79;0.04;10.4
8482dc32346a4276aac6011d835b73e0;6.4;0.56;0.15;10.5
aaaeaf7b3d4c4a1abf4cc614ce3f3c3b;6.9;0.84;0.21;9.23333333333333
efc0450ea46b4c6ea9f6127375bd4987;6.9;0.84;0.21;9.25
ac5f37b391e14bf8aedf509e9665b06e;6.1;0.32;0.25;10.6
3d2444886d024441b573a57cb7a83889;6.5;0.53;0.06;10.3
847c01413cf549d3a65855538937fa15;7.4;0.47;0.46;10.5
57996874b84a4ffd9fa8ed8e74cb7f92;6.6;0.7;0.08;10.2
16224c992f5e4c96812101ac94e3dd8d;6.5;0.53;0.06;10.3
3c25590b59864960a04ebf71de0f2ac5;6.9;0.48;0.2;9.05
87672ba1bf1e408797a57a7a87f110be;6.1;0.32;0.25;10.6
438f3a41a96f4b39a695a0913342642f;6.8;0.48;0.25;10.4
e63b011b9392495faa81e71ccdb9c2c1;6.0;0.42;0.19;10.0
3f3c7327f11b449c85293206982d1f11;6.7;0.48;0.08;9.7
927545cabddf458dbc5320a27d0542dc;6.8;0.47;0.08;9.6
ca2a2298b400421386753619fc64d8cd;7.1;0.53;0.07;10.8
a61aca4c049849748af69ff9a044c092;7.9;0.29;0.49;10.1
8aac52355ce34a708ed7ac7bd2365c76;7.1;0.69;0.08;10.2
14aee0afa8c94c62a0bc8fc6d185fcc2;6.6;0.44;0.09;11.3
80b7440e668948f9aed0925bcb169c0c;6.1;0.705;0.1;10.2
51afaf531d474502911a8e9db35bf392;7.2;0.53;0.13;9.9
2d6c000e3fee4245b6d5401c4e97367b;8.0;0.39;0.3;9.0
6747fe32cdeb405b8252f25dc3bce878;6.6;0.56;0.14;11.7
7f86b4d776f44fe4be638729e9a33ae7;7.0;0.55;0.13;9.7
d75d5d19daee4334a89082fee2ee19af;6.1;0.53;0.08;10.3
0b2310abf29741c0ae0a3db862b46102;5.4;0.58;0.08;10.2
22a09be1011e487db653b9c61aebfacb;6.2;0.64;0.09;12.0
6deb13d667904a6c856ab2dbde80e852;7.2;0.39;0.32;9.9
62c1e73ba96a4fe5bc813d9bbb38c59f;6.2;0.52;0.08;11.6
239104bada524e80924f0ce7de2b77cf;7.4;0.25;0.29;10.9
c4d42b447634458ebfd82a17ecc2b3b3;6.7;0.855;0.02;10.75
c3c2659a9f4b4d03adf26e7ddf61a8ab;11.1;0.44;0.42;10.4
34bccab46ca04f36b5d44671dfc6b2cd;8.4;0.37;0.43;11.2
b6369e6023954dcb834402fcbceb0b85;6.5;0.63;0.33;10.1
692c27e1799749ccaf80d71a9075f0ea;7.0;0.57;0.02;10.2
924b0eecb2504a1c8cce65960518b4f0;6.3;0.6;0.1;12.1
ae5d19560c0e45aba2d059314809a528;11.2;0.4;0.5;10.4
ab5b192f1b344aada951467475cda01f;7.4;0.36;0.3;11.4
02041ef8675243b2a54b27dcda215cf3;7.1;0.68;0.0;9.5
efd814c6eda14201a4cf7c1d41f25990;7.1;0.67;0.0;9.4
7626db1b34324cb882e03cb57bc97207;6.3;0.68;0.01;11.3
9e65031e99014692918701c6f4d97fd8;7.3;0.735;0.0;9.4
e9df15c8fb484703a6962d1d17051c38;6.6;0.855;0.02;11.0
93e30fb3e76942b88b0e935cbe503123;7.0;0.56;0.17;10.55
60f1d0eb1ede4b34aa410f286d5914cf;6.6;0.88;0.04;9.9
5e0d34c452894b1a8377bee33096fe3a;6.6;0.855;0.02;11.0
8ef88eb9ed6f40478839e11d2859c163;6.9;0.63;0.33;9.5
84498b1cf66e42ba83ad85c38ccf54c2;7.8;0.6;0.26;9.9
09a85a824e7f41fd805880b7afa9e2f9;7.8;0.6;0.26;9.9
38dd288f108c437ba0868dc7129b79cb;7.8;0.6;0.26;9.9
8be79f281aa14a48961249f1855363e1;7.2;0.695;0.13;10.1
3a8eda779a3d4a3da525b5c82005d634;7.2;0.695;0.13;10.1
e3879904dfef4f97bb49b6c36bcfb4d2;7.2;0.695;0.13;10.1
95b64397250945cfa0d49ef90178d965;6.7;0.67;0.02;10.9
c956ebe3db6e476ea276b139ab27fed1;6.7;0.16;0.64;11.2
a735edbcecf24f928b469805592088a9;7.2;0.695;0.13;10.1
c33e5dd87c2d4da0975703c747df96e0;7.0;0.56;0.13;9.2
3ac52d6fe61040b08eb7777e8a1339fe;6.2;0.51;0.14;11.5
8339b9143d99461ba44843e876d3e897;6.4;0.36;0.53;12.4
faf074611d414c5d9831f9f34d2fc164;6.4;0.38;0.14;11.1
71a81d000c8441b1a9c8b4e6b449df74;7.3;0.69;0.32;9.5
3c3ed1a6ee0042f6bca17cacc93ddbe9;6.0;0.58;0.2;12.5
d06ba85914284915955af3d59529add5;5.6;0.31;0.78;10.5
625b3df2fd2c40eba3d22348c7efb666;7.5;0.52;0.4;11.8
c1ddf656f80d42f7ad216118284a377a;8.0;0.3;0.63;10.8
9f8944fb82cc461090dd588b7a6962ae;6.2;0.7;0.15;11.9
709d0a7217444dd78c814d489785f32d;6.8;0.67;0.15;11.3
646a0f74b8a74da59c0174347ed27306;6.2;0.56;0.09;11.3
a43dd8fd95aa4f93924e66db52f70879;7.4;0.35;0.33;11.9
af3880a3c29649d5909bf5d716df2bf9;6.2;0.56;0.09;11.3
898fb7340b004ef085067458e712c591;6.1;0.715;0.1;11.9
f4771c7c62b1451799ad6a55d18d2914;6.2;0.46;0.29;9.8
3f6d9b027eee4fb7a414f2e0f635acca;6.7;0.32;0.44;11.6
8907e12c8f3746ceb7e3dbeaf235925f;7.2;0.39;0.44;11.5
658f2ff99a924a4c81b1895dfa5678cc;7.5;0.31;0.41;11.4
d1d846da04334f4bac5fac721faab8a6;5.8;0.61;0.11;10.9
5769dd7810974244961e7c507b3153cb;7.2;0.66;0.33;12.8
6f2de0e3da8f43ffac2fae451771b8e9;6.6;0.725;0.2;9.2
8ef1ff273e7d4123a3782e95f7ec2ead;6.3;0.55;0.15;11.6
a162e75b2afe41108cfb97b4b7669d5a;5.4;0.74;0.09;11.6
2cedd2a8b657433cafe86cbef34adbb1;6.3;0.51;0.13;11.0
a845971e24104a30a60d9f64e3fadf9b;6.8;0.62;0.08;9.5
c4968b8151b94a96808c9eaf3959b761;6.2;0.6;0.08;10.5
68b5dae72b614278b06f6abcf4ede4b6;5.9;0.55;0.1;11.2
bcd1e0d352bf4b8aab1c42ab7aff1a89;6.3;0.51;0.13;11.0
2a2f95b8d7d14a6fbd77c3e4726ab03c;5.9;0.645;0.12;10.2
10c81352ef324a8d9cdc1b4ebd084619;6.0;0.31;0.47;11.0
